NDIC File No,API No,Well Type,Well Status,Status Date,Wellbore type,Location,Footages,Latitude,Longitude,Current Operator,Current Well Name,Total Depth,Field,Pool,Perfs,Comp,Status,Date,Spacing,Cum Oil,Cum MCF Gas,Cum Water,IP Oil,IP MCF,IP Water,FileNumber,UIC No,Cum Salt Water Disposed,CTB No
4119,33-087-00008-00-00,OG,PA,4/24/1987,Vertical,NESW 8-136-101,1850 FSL 1845 FWL,46.603709,-103.398428,HUNT OIL COMPANY,U.S.A. 8 1,11506,ELEVEN BAR,RED RIVER,11246-11254,9/22/1966,PNA,9/22/1966,SEC,265781,157675,743617,195,0,80,4119,,,
4485,33-087-00027-00-00,SWD,DRY,4/29/1987,Vertical,NESW 9-136-101,2261 FSL 2176 FWL,46.604801,-103.375685,HUNT OIL COMPANY,"NPRR ""A"" SWD 1",5480,ELEVEN BAR,DAKOTA,5384-5424,9/29/1968,DNA,4/29/1987,,,,,,,,4485,W0003S0051C,547331,
12459,33-033-00186-00-00,OG,DRY,8/8/1988,Vertical,SESE 5-137-103,688 FSL 518 FEL,46.703986,-103.695071,HUNT OIL COMPANY,HIGGINS 1-5,8950,WILDCAT,MADISON,,8/8/1988,DRY,8/8/1988,,,,,,,,12459,,,
12424,33-033-00184-00-00,OG,DRY,6/26/1988,Vertical,NWNW 33-138-104,660 FNL 660 FWL,46.729126,-103.816063,HUNT OIL COMPANY,SCHMELING 1-33,8900,WILDCAT,MADISON,,6/26/1988,DRY,6/26/1988,,,,,,,,12424,,,
8304,33-007-00658-00-00,OG,DRY,1/28/1981,Vertical,NWSE 26-139-102,1800 FSL 2300 FEL,46.822318,-103.513398,HUNT OIL COMPANY,STATE OF NORTH DAKOTA 26-1,9200,MEDORA,MADISON,,1/28/1981,DRY,1/28/1981,,,,,,,,8304,,,
12445,33-033-00185-00-00,OG,DRY,7/18/1988,Vertical,NESW 1-139-104,1980 FSL 1980 FWL,46.880764,-103.747473,HUNT OIL COMPANY,PULLIN 1-1,9300,WILDCAT,MADISON,,7/18/1988,DRY,7/18/1988,,,,,,,,12445,,,
12485,33-033-00187-00-00,OG,DRY,8/31/1988,Vertical,SESE 17-139-104,660 FSL 660 FEL,46.848516,-103.821207,HUNT OIL COMPANY,NORDIN 1-17,9180,WILDCAT,MADISON,,8/31/1988,DRY,8/31/1988,,,,,,,,12485,,,
9148,33-033-00120-00-00,OG,DRY,12/17/1981,Vertical,NENE 16-139-105,700 FNL 700 FEL,46.859307,-103.926484,HUNT OIL COMPANY,KIPPLEY-STATE 1-16,12118,WILDCAT,DEADWOOD,,12/17/1981,DRY,12/17/1981,,,,,,,,9148,,,
9168,33-033-00122-00-00,OG,PNC,3/16/1983,Vertical,NESE 16-139-105,1980 FSL 660 FEL,46.852125,-103.926324,HUNT OIL COMPANY,STATE 2-16,,WILDCAT,WINNIPEG,,,PNC,3/16/1983,,,,,,,,9168,,,
151,33-015-00003-00-00,OG,DRY,11/16/1952,Vertical,SWSW 18-140-80,660 FSL 660 FWL,46.941453,-100.828993,HUNT OIL COMPANY,EMMA KLEVEN 1,8115,WILDCAT,PRECAMBRIAN,,11/16/1952,DRY,11/16/1952,,,,,,,,151,,,
13103,33-025-00466-00-00,OG,PA,3/23/1996,Horizontal Re-Entry,NWSW 17-141-95,2500 FSL 1000 FWL,47.031234,-102.753383,HUNT OIL COMPANY,S. E. RUSSIAN CREEK 13-17,13085,SIMON BUTTE,SILURIAN,"11519-13085<span title=""Gross Interval"">G",3/9/1991,PNA,3/9/1991,ICO,425125,103465,1068919,570,300,30,13103,,,
12972,33-025-00460-00-00,OG,PA,5/25/1994,Vertical,SENE 18-141-95,1920 FNL 690 FEL,47.033616,-102.760138,HUNT OIL COMPANY,S. E. RUSSIAN CREEK 42-18,11750,SIMON BUTTE,SILURIAN,11541-11550,10/8/1990,PNA,10/8/1990,E2,81896,14377,709239,262,25,1072,12972,,,
2745,33-007-00041-00-00,OG,DRY,10/11/1960,Vertical,NESW 15-144-99,1980 FSL 1980 FWL,47.289524,-103.214833,HUNT OIL COMPANY,WILLIAM PALANUK 1,10109,BLACKTAIL,MADISON,,10/11/1960,DRY,10/11/1960,,,,,,,,2745,,,
2689,33-007-00039-00-00,OG,PA,4/1/1964,Vertical,NENE 21-144-99,660 FNL 660 FEL,47.282226,-103.225498,HUNT OIL COMPANY,NICK HAAG 1,10259,BLACKTAIL,MADISON,9915-9925,7/31/1960,PNA,7/31/1960,,15664,15026,72293,164,0,104,2689,,,
18222,33-025-00950-00-00,OG,A,4/4/2023,Horizontal,SWSE 10-145-93,350 FSL 2440 FEL,47.387308,-102.513138,HUNT OIL COMPANY,QUILL 10-3H 1,19561,BAILEY,BAKKEN,10922-19000,10/28/2009,AL,11/5/2009,,313009,185593,694645,756,492,1357,18222,,,218222
21567,33-025-01477-00-00,OG,A,4/4/2023,Horizontal,SWSW 10-145-93,350 FSL 1200 FWL,47.387341,-102.519708,HUNT OIL COMPANY,QUILL 2-10-3H,20245,BAILEY,BAKKEN,10801-20245,5/4/2012,AL,5/22/2012,,300515,157167,554332,471,210,527,21567,,,218222
22402,33-025-01614-00-00,OG,A,11/15/2019,Horizontal,SESE 10-145-93,300 FSL 500 FEL,47.387133,-102.505300,HUNT OIL COMPANY,HALLIDAY 2-15-22H,20664,LAKE ILO,BAKKEN,10695-20664,6/11/2012,AL,7/2/2012,,282350,131048,518939,324,169,452,22402,,,219401
38534,33-025-04341-00-00,OG,A,8/13/2022,Horizontal,SESW 10-145-93,310 FSL 1595 FWL,47.387223,-102.518112,HUNT OIL COMPANY,QUILL 145-93-10-3H 3,21169,LAKE ILO,BAKKEN,,8/13/2022,F,8/13/2022,,238949,134999,796638,,,,38534,,,218222
38535,33-025-04342-00-00,OG,A,8/13/2022,Horizontal,SESW 10-145-93,310 FSL 1565 FWL,47.387224,-102.518233,HUNT OIL COMPANY,HALLIDAY 145-93-15-22H 3,21235,LAKE ILO,BAKKEN,,8/13/2022,F,8/13/2022,,236586,133643,768446,,,,38535,,,218222
38565,33-025-04347-00-00,OG,A,9/13/2022,Horizontal,SWSE 10-145-93,385 FSL 1910 FEL,47.387394,-102.510995,HUNT OIL COMPANY,HALLIDAY 145-93-15-22H 4,21218,LAKE ILO,BAKKEN,,9/13/2022,F,9/13/2022,,167598,122348,706353,,,,38565,,,218222
38566,33-025-04348-00-00,OG,A,12/3/2024,Horizontal,SWSE 10-145-93,385 FSL 1880 FEL,47.387393,-102.510873,HUNT OIL COMPANY,HALLIDAY 145-93-15-22H 5,21154,LAKE ILO,BAKKEN,,9/4/2022,F,9/4/2022,,154991,96750,684665,,,,38566,,,218222
38567,33-025-04349-00-00,OG,A,9/10/2022,Horizontal,SWSE 10-145-93,385 FSL 1850 FEL,47.387393,-102.510752,HUNT OIL COMPANY,HALLIDAY 145-93-15-22H 6,21139,LAKE ILO,BAKKEN,,9/10/2022,F,9/10/2022,,168458,117916,864546,,,,38567,,,218222
38568,33-025-04350-00-00,OG,A,9/3/2022,Horizontal,SWSE 10-145-93,385 FSL 1820 FEL,47.387392,-102.510631,HUNT OIL COMPANY,QUILL 145-93-10-3H 4,21160,LAKE ILO,BAKKEN,,9/3/2022,F,9/3/2022,,185392,126938,679877,,,,38568,,,218222
38569,33-025-04351-00-00,OG,A,12/3/2024,Horizontal,SWSE 10-145-93,385 FSL 1790 FEL,47.387391,-102.510510,HUNT OIL COMPANY,QUILL 145-93-10-3H 5,21160,LAKE ILO,BAKKEN,,8/25/2022,F,8/25/2022,,161695,98203,744096,,,,38569,,,218222
38570,33-025-04352-00-00,OG,A,12/3/2024,Horizontal,SWSE 10-145-93,385 FSL 1760 FEL,47.387391,-102.510388,HUNT OIL COMPANY,QUILL 145-93-10-3H 6,21255,LAKE ILO,BAKKEN,,8/25/2022,F,8/25/2022,,197168,113955,789229,,,,38570,,,218222
38778,33-025-04415-00-00,SWD,A,8/20/2022,Vertical,SWSE 10-145-93,500 FSL 2130 FEL,47.387713,-102.511878,HUNT OIL COMPANY,QUILL 145-93-10 SWD 1,5620,LAKE ILO,,,,,,,,,,,,,38778,,,
19148,33-025-01124-00-00,OG,A,3/5/2024,Horizontal,SWSW 12-145-93,275 FSL 900 FWL,47.387064,-102.478220,HUNT OIL COMPANY,DUNN 1-12-1H,20064,LAKE ILO,BAKKEN,11048-19840,10/5/2010,AL,10/15/2010,,236752,141325,694849,517,335,1173,19148,,,219148
21168,33-025-01419-00-00,OG,A,2/3/2024,Horizontal,SWSE 12-145-93,275 FSL 2350 FEL,47.386997,-102.470058,HUNT OIL COMPANY,DUNN 2-12-1H,20118,LAKE ILO,BAKKEN,10710-20118,3/26/2012,AL,4/21/2012,,206676,113681,605830,244,85,337,21168,,,219148
39082,33-025-04505-00-00,SWD,A,3/8/2023,Vertical,SWSW 12-145-93,153 FSL 343 FWL,47.386748,-102.480473,HUNT OIL COMPANY,DUNN 145-93-12 SWD 1,,LAKE ILO,,,,,,,,,,,,,39082,,,
20180,33-025-01256-00-00,OG,A,2/1/2023,Horizontal,NWNW 13-145-93,275 FNL 1320 FWL,47.385542,-102.476536,HUNT OIL COMPANY,HALLIDAY 1-13-24H 1,20192,LAKE ILO,BAKKEN,10551-20192,4/9/2011,AL,4/21/2011,,151442,105367,534635,327,198,780,20180,,,120180
19401,33-025-01149-00-00,OG,A,2/1/2023,Horizontal,NWNW 15-145-93,220 FNL 1320 FWL,47.385776,-102.519235,HUNT OIL COMPANY,HALLIDAY 1-15-22H 1,20426,LAKE ILO,BAKKEN,10569-20426,12/14/2010,AL,1/21/2011,,322127,172872,542271,415,360,788,19401,,,219401
2723,33-053-00466-00-00,OG,DRY,9/4/1960,Vertical,SWNE 10-145-101,1925 FNL 1875 FEL,47.395406,-103.531225,HUNT OIL COMPANY,U.S.A. A 1,9605,ROUGH RIDER,MADISON,,9/4/1960,DRY,9/4/1960,,,,,,,,2723,,,
12839,33-053-02320-00-00,OG,PA,6/8/1999,Horizontal,NENE 32-145-103,600 FNL 600 FEL,47.342401,-103.823827,HUNT OIL COMPANY,PEOC 41-32H,14100,BICENTENNIAL,BAKKEN,"10950-14100<span title=""Gross Interval"">G",5/13/1990,PNA,5/13/1990,SEC,72899,55905,1727,251,55,0,12839,,,
19735,33-025-01185-00-00,OG,PNC,12/3/2010,Horizontal,SWSW 19-146-92,270 FSL 1150 FWL,47.444711,-102.455664,HUNT OIL COMPANY,HALLIDAY 2-19-18H 1,,WILDCAT,BAKKEN,,,PNC,12/3/2010,,,,,,,,19735,,,
20246,33-025-01269-00-00,OG,A,10/13/2011,Horizontal,SWSE 19-146-92,265 FSL 2569 FEL,47.444711,-102.449599,HUNT OIL COMPANY,HALLIDAY 1-19-18H 1,20160,WERNER,BAKKEN,10975-19960,10/13/2011,AL,10/26/2011,,457121,235666,570318,851,353,867,20246,,,220246
21607,33-025-01488-00-00,OG,A,8/15/2019,Horizontal,LOT4 19-146-92,500 FSL 245 FWL,47.445333,-102.459329,HUNT OIL COMPANY,HALLIDAY 2-19-18H,19883,WERNER,BAKKEN,11135-19779,3/4/2015,AL,3/5/2015,,388087,171854,440090,1122,408,5093,21607,,,220246
35359,33-025-03569-00-00,OG,A,3/1/2023,Horizontal,SWSE 19-146-92,335 FSL 1530 FEL,47.444913,-102.445395,HUNT OIL COMPANY,HALLIDAY 146-92-19-18H- 4,20015,WERNER,BAKKEN,11155-19765,7/12/2019,AL,7/13/2019,,269712,234515,660882,1528,650,4187,35359,,,235359
35360,33-025-03570-00-00,OG,A,3/1/2023,Horizontal,SWSE 19-146-92,335 FSL 1500 FEL,47.444913,-102.445274,HUNT OIL COMPANY,HALLIDAY 146-92-19-18H- 5,19955,WERNER,BAKKEN,11095-19705,7/12/2019,AL,7/13/2019,,283651,243103,555128,1690,933,4043,35360,,,235359
35361,33-025-03571-00-00,OG,A,7/19/2019,Horizontal,SWSE 19-146-92,335 FSL 1470 FEL,47.444913,-102.445153,HUNT OIL COMPANY,HALLIDAY 146-92-19-18H- 6,20172,WERNER,BAKKEN,11080-19930,7/19/2019,AL,7/27/2019,,309675,227006,564546,809,411,1802,35361,,,235359
90210,33-025-90210-00-00,SWD,A,6/26/2012,Vertical,SESW 19-146-92,325 FSL 2370 FWL,47.444873,-102.450729,HUNT OIL COMPANY,HALLIDAY 19 SWD 1,5724,WERNER,DAKOTA,5275-5590,6/26/2012,SWD,6/26/2012,,,,,,,,90210,W0303S0775D,17549194,
20027,33-025-01227-00-00,OG,A,12/3/2024,Horizontal,NENW 30-146-92,320 FNL 1340 FWL,47.443095,-102.454898,HUNT OIL COMPANY,HALLIDAY 1-30-31H 1,20281,WERNER,BAKKEN,10792-20281,11/13/2011,AL,11/21/2011,,214677,136841,463684,528,88,1053,20027,,,220027
22604,33-025-01656-00-00,OG,A,8/15/2012,Horizontal,NWNE 30-146-92,350 FNL 2300 FEL,47.443027,-102.448509,HUNT OIL COMPANY,HALLIDAY 2-30-31H,20160,WERNER,BAKKEN,10850-20160,8/15/2012,AL,9/4/2012,,124846,75837,264023,170,71,237,22604,,,220027
35164,33-025-03536-00-00,OG,A,7/30/2024,Horizontal,NENW 30-146-92,245 FNL 1471 FWL,47.443302,-102.454367,HUNT OIL COMPANY,HALLIDAY 146-92-19-18H- 3,20632,WERNER,BAKKEN,10810-20380,7/20/2019,AL,7/30/2019,,361888,250314,829743,736,221,2441,35164,,,220246
39378,33-025-04591-00-00,ON CONFIDENTIAL STATUS,,,,LOT1 30-146-92,300 FNL 1180 FWL,47.443149,-102.455545,HUNT OIL COMPANY,HALLIDAY 146-92-30-31H- 3,,WERNER,,,,,,,,,,,,,39378,,,
39379,33-025-04592-00-00,ON CONFIDENTIAL STATUS,,,,LOT1 30-146-92,300 FNL 1210 FWL,47.443149,-102.455423,HUNT OIL COMPANY,HALLIDAY 146-92-30-31H- 4,,WERNER,,,,,,,,,,,,,39379,,,
39945,33-025-04708-00-00,ON CONFIDENTIAL STATUS,,,,SESE 10-146-93,200 FSL 478 FEL,47.473882,-102.505127,HUNT OIL COMPANY,HALLIDAY 146-93-10-2H- 1,,BAILEY,,,,,,,,,,,,,39945,,,
18977,33-025-01090-00-00,OG,A,12/3/2024,Horizontal,SWSW 11-146-93,260 FSL 1280 FWL,47.473881,-102.498010,HUNT OIL COMPANY,HALLIDAY 1-11-2H 1,20354,WOLF BAY,BAKKEN,10897-19989,10/26/2010,AL,11/8/2010,,559582,262661,400042,469,325,247,18977,,,218977
21344,33-025-01445-00-00,OG,A,12/3/2024,Horizontal,SESE 11-146-93,901 FSL 854 FEL,47.475388,-102.485158,HUNT OIL COMPANY,HALLIDAY  2-11-2H,19886,WOLF BAY,BAKKEN,10690-19886,12/21/2011,AL,1/1/2012,,407650,189356,344745,430,219,165,21344,,,218977
22824,33-025-01692-00-00,OG,A,11/15/2018,Horizontal,SESE 11-146-93,790 FSL 945 FEL,47.475091,-102.485525,HUNT OIL COMPANY,HALLIDAY 3-11-2H,19665,WOLF BAY,BAKKEN,10773-19665,8/12/2012,AL,8/12/2012,,405089,197568,353857,590,318,11,22824,,,218977
34868,33-025-03491-00-00,OG,A,2/3/2024,Horizontal,SESW 11-146-93,282 FSL 2465 FWL,47.473846,-102.493213,HUNT OIL COMPANY,HALLIDAY 146-93-11-2H- 5,20381,WOLF BAY,BAKKEN,10790 -20130,9/28/2018,AL,11/1/2018,,396423,363957,637039,932,400,1439,34868,,,218977
34869,33-025-03492-00-00,OG,A,2/3/2024,Horizontal,SESW 11-146-93,282 FSL 2495 FWL,47.473843,-102.493092,HUNT OIL COMPANY,HALLIDAY 146-93-11-2H- 6,20358,WOLF BAY,BAKKEN,10960-20100,10/12/2018,AL,10/12/2018,,402301,373877,600579,1196,418,1596,34869,,,218977
34913,33-025-03503-00-00,OG,A,11/1/2024,Horizontal,SWSW 11-146-93,300 FSL 1147 FWL,47.474001,-102.498548,HUNT OIL COMPANY,HALLIDAY 146-93-11-2H- 4,20358,WOLF BAY,BAKKEN,10890-20231,12/27/2018,AL,1/17/2019,,471164,402634,558336,1230,512,1037,34913,,,218977
29650,33-025-02692-00-00,OG,PNC,1/23/2018,Horizontal,SESE 12-146-93,375 FSL 1207 FEL,47.473908,-102.465373,HUNT OIL COMPANY,HALLIDAY 146-93-12-1H-5,,WOLF BAY,BAKKEN,,,PNC,1/23/2018,,,,,,,,29650,,,
29651,33-025-02693-00-00,OG,PNC,1/23/2018,Horizontal,SESE 12-146-93,366 FSL 1256 FEL,47.473883,-102.465571,HUNT OIL COMPANY,HALLIDAY 146-93-12-1H-6,,WOLF BAY,BAKKEN,,,PNC,1/23/2018,,,,,,,,29651,,,
19786,33-025-01193-00-00,OG,A,12/3/2024,Horizontal,NWNW 13-146-93,683 FNL 435 FWL,47.470981,-102.479967,HUNT OIL COMPANY,HALLIDAY 1-12-1H 1,21461,WOLF BAY,BAKKEN,11248-21461,5/2/2011,AL,5/15/2011,,574770,314357,615257,843,453,559,19786,,,219786
21576,33-025-01480-00-00,OG,A,8/30/2024,Horizontal,NWNW 13-146-93,360 FNL 1000 FWL,47.471871,-102.477661,HUNT OIL COMPANY,HALLIDAY 2-12-1H 1,21290,WOLF BAY,BAKKEN,11290-21290,2/21/2012,AL,3/18/2012,,465788,213638,765688,454,363,362,21576,,,219786
34911,33-025-03501-00-00,OG,IA,10/17/2024,Horizontal,SWSE 13-146-93,235 FSL 1651 FEL,47.459132,-102.467086,HUNT OIL COMPANY,HALLIDAY 146-93-13-1H 2,26020,WOLF BAY,BAKKEN,11010-25765,6/15/2019,AL,6/30/2019,,348289,190858,639893,2137,514,3533,34911,,,234911
34912,33-025-03502-00-00,OG,A,2/3/2024,Horizontal,SWSE 13-146-93,235 FSL 1681 FEL,47.459133,-102.467207,HUNT OIL COMPANY,HALLIDAY 146-93-13-1H- 1,25755,WOLF BAY,BAKKEN,10895-25755,6/17/2019,AL,7/3/2019,,353473,174728,617949,1134,484,2902,34912,,,234911
34978,33-025-03505-00-00,OG,PA,1/11/2023,Horizontal,NWNW 13-146-93,260 FNL 1070 FWL,47.472146,-102.477372,HUNT OIL COMPANY,HALLIDAY 146-93-12-1H- 4,21420,WOLF BAY,BAKKEN,11290-21211,12/11/2018,AL,12/31/2018,,119269,79462,407287,1445,741,1861,34978,,,219786
34979,33-025-03506-00-00,OG,A,11/1/2024,Horizontal,NWNW 13-146-93,267 FNL 1040 FWL,47.472126,-102.477494,HUNT OIL COMPANY,HALLIDAY 146-93-12-1H- 3,20965,WOLF BAY,BAKKEN,10961-20831,11/28/2018,AL,12/25/2018,,581759,394052,829115,1651,792,1799,34979,,,219786
38519,33-025-04336-00-00,OG,A,12/30/2023,Horizontal,SWSE 13-146-93,188 FSL 1965 FEL,47.459016,-102.468356,HUNT OIL COMPANY,HALLIDAY 146-93-24-36H 1,26327,WERNER,BAKKEN,,,F,1/16/2022,,82056,48766,293947,,,,38519,,,234911
38522,33-025-04337-00-00,OG,A,1/12/2022,Horizontal,SWSE 13-146-93,188 FSL 1935 FEL,47.459015,-102.468234,HUNT OIL COMPANY,HALLIDAY 146-93-24-36H 2,26535,WERNER,BAKKEN,,,F,1/12/2022,,422733,262038,1331076,,,,38522,,,234911
39889,33-025-04696-00-00,ON CONFIDENTIAL STATUS,,,,NESE 14-146-93,2151 FSL 226 FEL,47.464543,-102.482781,HUNT OIL COMPANY,HALLIDAY 146-93-12-36H 1,,WOLF BAY,,,,,,,,,,,,,39889,,,
39890,33-025-04697-00-00,ON CONFIDENTIAL STATUS,,,,NESE 14-146-93,2151 FSL 256 FEL,47.464791,-102.483184,HUNT OIL COMPANY,HALLIDAY 146-93-11-1H- 1,,WOLF BAY,,,,,,,,,,,,,39890,,,
40159,33-025-04763-00-00,ON CONFIDENTIAL STATUS,,,,NESE 14-146-93,2415 FSL 266 FEL,47.465268,-102.482927,HUNT OIL COMPANY,HALLIDAY 146-93-14 SWD 1,,BAILEY,,,,,,,,,,,,,40159,,,
18682,33-025-01045-00-00,OG,A,12/30/2023,Horizontal,SWSW 24-146-93,240 FSL 1135 FWL,47.444759,-102.477310,HUNT OIL COMPANY,COOK 24-13H 1,20014,WERNER,BAKKEN,10774-20014,8/23/2010,AL,9/7/2010,,418756,198071,420012,665,235,422,18682,,,218682
20747,33-025-01357-00-00,OG,A,5/1/2024,Horizontal,SESW 24-146-93,375 FSL 2150 FWL,47.445095,-102.473205,HUNT OIL COMPANY,COOK 2-24-13H 2,20274,WERNER,BAKKEN,10788-20274,10/2/2011,AL,10/16/2011,,390743,194673,472360,768,385,578,20747,,,218682
29793,33-025-02717-00-00,OG,A,3/1/2023,Horizontal,SWSW 24-146-93,275 FSL 704 FWL,47.444870,-102.479054,HUNT OIL COMPANY,COOK  146-93-24-13H-3,20303,WERNER,BAKKEN,10898 -20097,10/26/2018,AL,11/7/2018,,457218,302001,600593,1634,795,2059,29793,,,218682
29794,33-025-02718-00-00,OG,PNC,10/13/2021,Horizontal,SWSW 24-146-93,350 FSL 764 FWL,47.445073,-102.478813,HUNT OIL COMPANY,HALLIDAY 146-93-25-36H 3X,,WERNER,BAKKEN,,,LOC,10/23/2014,,,,,,,,29794,,,
36142,33-025-03721-00-00,OG,A,7/3/2024,Horizontal,SWSW 24-146-93,350 FSL 734 FWL,47.445074,-102.478934,HUNT OIL COMPANY,COOK 146-93-24-13H- 4,20282,WERNER,BAKKEN,10837-20025,7/27/2019,AL,8/6/2019,,160383,162724,622072,181,117,1687,36142,,,218682
40218,33-025-04776-00-00,ON CONFIDENTIAL STATUS,,,,NWNE 24-146-93,200 FNL 1720 FEL,47.457942,-102.467356,HUNT OIL COMPANY,HALLIDAY 146-92-19-36H 1,,WERNER,,,,,,,,,,,,,40218,,,
40219,33-025-04777-00-00,ON CONFIDENTIAL STATUS,,,,NWNE 24-146-93,200 FNL 1690 FEL,47.457941,-102.467234,HUNT OIL COMPANY,HALLIDAY 146-92-18-1H 1,,WERNER,,,,,,,,,,,,,40219,,,
19589,33-025-01168-00-00,OG,A,4/29/2023,Horizontal,NWNW 25-146-93,380 FNL 1100 FWL,47.443061,-102.477442,HUNT OIL COMPANY,HALLIDAY 1-25-36H 1,20089,WERNER,BAKKEN,10758-20089,2/14/2011,AL,3/11/2011,,305003,171171,471323,699,308,945,19589,,,219589
20861,33-025-01381-00-00,OG,A,2/3/2024,Horizontal,NWNE 25-146-93,315 FNL 1675 FEL,47.443153,-102.467093,HUNT OIL COMPANY,HALLIDAY 2-25-36H,19548,WERNER,BAKKEN,10757-19548,12/16/2011,AL,12/24/2011,,255343,143021,539749,599,347,1122,20861,,,219589
38615,33-025-04379-00-00,OG,A,2/17/2023,Horizontal,NWNW 25-146-93,275 FNL 690 FWL,47.443362,-102.479102,HUNT OIL COMPANY,HALLIDAY 146-93-25-36H 3,21085,WERNER,BAKKEN,,2/17/2023,F,2/17/2023,,249959,161779,642444,,,,38615,,,219589
38616,33-025-04380-00-00,OG,A,4/3/2024,Horizontal,NWNW 25-146-93,275 FNL 720 FWL,47.443361,-102.478981,HUNT OIL COMPANY,HALLIDAY 146-93-25-36H 4,21129,WERNER,BAKKEN,,2/17/2023,F,2/17/2023,,171868,122672,726026,,,,38616,,,219589
39260,33-025-04550-00-00,OG,A,11/15/2023,Horizontal,NWNE 25-146-93,634 FNL 1730 FEL,47.442280,-102.467321,HUNT OIL COMPANY,COOK 146-93-24-13H 5,,WERNER,BAKKEN,,11/15/2023,AL,12/1/2023,,114852,82875,227887,,,,39260,,,218682
39261,33-025-04551-00-00,OG,A,11/16/2023,Horizontal,NWNE 25-146-93,634 FNL 1700 FEL,47.442279,-102.467199,HUNT OIL COMPANY,COOK 146-93-24-13H 6,20981,WERNER,BAKKEN,,11/16/2023,AL,12/4/2023,,106619,63318,253120,,,,39261,,,218682
39345,33-025-04573-00-00,ON CONFIDENTIAL STATUS,,,,NWNW 25-146-93,330 FNL 575 FWL,47.443215,-102.479566,HUNT OIL COMPANY,HALLIDAY 146-93-25 SWD 1,,WERNER,,,,,,,,,,,,,39345,,,
19094,33-025-01113-00-00,OG,PNC,9/21/2010,Horizontal,SWSW 36-146-93,200 FSL 1320 FWL,47.415750,-102.476460,HUNT OIL COMPANY,HALLIDAY 1-36-25H,,WERNER,BAKKEN,,,PNC,9/21/2010,,,,,,,,19094,,,
8598,33-053-01322-00-00,OG,DRY,4/30/1982,Vertical,NWNE 12-147-104,805 FNL 1980 FEL,47.573284,-103.869792,HUNT OIL COMPANY,FAULCONBRIDGE ESTATE 2,9500,MONDAK,MADISON,,4/30/1982,DRY,4/30/1982,,,,,,,,8598,,,
22502,33-053-04013-00-00,OG,PNC,5/9/2012,Horizontal,NWNE 2-148-101,300 FNL 1980 FEL,47.673720,-103.510270,HUNT OIL COMPANY,BEAR BUTTE 1-2-11H,,BEAR BUTTE,BAKKEN,,,PNC,5/9/2012,,,,,,,,22502,,,
26493,33-053-05289-00-00,OG,PNC,10/1/2013,Horizontal,SWSW 12-148-101,350 FSL 1066 FWL,47.647005,-103.497947,HUNT OIL COMPANY,BEAR BUTTE 1-12-1HX,,BEAR BUTTE,BAKKEN,,,PNC,10/1/2013,,,,,,,,26493,,,
61,33-049-00002-00-00,OG,DRY,5/27/1952,Vertical,NWSE 17-153-77,1980 FSL 1980 FEL,48.071126,-100.591056,HUNT OIL COMPANY,PETER LENNERTZ 1,7217,WILDCAT,DEADWOOD,,5/27/1952,DRY,5/27/1952,,,,,,,,61,,,
19867,33-061-01560-00-00,OG,PNC,3/6/2012,Horizontal,SESW 2-153-89,250 FSL 1700 FWL,48.096309,-102.087981,HUNT OIL COMPANY,SHELL 1-2-35H 1,,PARSHALL,BAKKEN,,,PNC,3/6/2012,,,,,,,,19867,,,
20025,33-061-01603-00-00,OG,A,4/5/2011,Horizontal,SESW 3-153-89,319 FSL 1530 FWL,48.096453,-102.110375,HUNT OIL COMPANY,SHELL 1-3-34H 1,18725,PARSHALL,BAKKEN,9116-18725,4/5/2011,AL,4/20/2011,,208438,55488,649969,285,77,241,20025,,,120025
17296,33-061-00753-00-00,OG,A,11/1/2024,Horizontal,LOT4 5-153-89,400 FNL 400 FWL,48.108897,-102.158039,HUNT OIL COMPANY,SHELL 3-05H,14464,PARSHALL,BAKKEN,9600-14380,8/24/2009,AL,9/1/2009,SEC,412487,240769,113293,1292,565,698,17296,,,117296
17244,33-061-00736-00-00,OG,A,10/3/2024,Horizontal,NENW 6-153-89,210 FNL 1400 FWL,48.109387,-102.175357,HUNT OIL COMPANY,CHARLIE 1-06H,13883,PARSHALL,BAKKEN,9498-13883,8/19/2008,AL,8/28/2008,SEC,391080,183399,108441,1001,180,378,17244,,,117244
22305,33-061-02010-00-00,OG,A,10/3/2024,Horizontal,LOT4 6-153-89,500 FNL 600 FWL,48.108587,-102.178638,HUNT OIL COMPANY,SHELL  2-6-7H,18812,PARSHALL,BAKKEN,9559-18812,9/30/2012,AL,10/12/2012,,477620,312693,69796,406,138,33,22305,,,122305
22307,33-061-02011-00-00,OG,A,11/1/2024,Horizontal,LOT4 6-153-89,500 FNL 500 FWL,48.108587,-102.179048,HUNT OIL COMPANY,OAKLAND 2-31-30H,19770,PARSHALL,BAKKEN,9627-19770,8/30/2012,AL,9/29/2012,,365751,302259,48600,173,111,80,22307,,,122307
17444,33-061-00797-00-00,OG,A,10/3/2024,Horizontal,NENW 7-153-89,230 FNL 1927 FWL,48.094906,-102.173285,HUNT OIL COMPANY,ERICKSON 1-7H,13650,PARSHALL,BAKKEN,9580-13650,10/2/2008,AL,10/7/2008,SEC,353593,188211,87569,1175,464,448,17444,,,117444
20005,33-061-01597-00-00,OG,PNC,3/6/2012,Horizontal,SESE 7-153-89,240 FSL 400 FEL,48.081672,-102.161235,HUNT OIL COMPANY,ERICKSON 2-7H 2,,PARSHALL,BAKKEN,,,PNC,3/6/2012,,,,,,,,20005,,,
21643,33-061-01903-00-00,OG,A,3/1/2023,Horizontal,LOT4 7-153-89,315 FSL 250 FWL,48.081878,-102.180126,HUNT OIL COMPANY,BOWMAN  2-18H,14297,PARSHALL,BAKKEN,9664-14297,2/12/2012,AL,2/21/2012,,212040,133191,33287,23,9,84,21643,,,216776
40953,33-061-05374-00-00,OG,LOC,7/23/2024,Horizontal,NENE 7-153-89,545 FNL 355 FEL,48.094041,-102.161114,HUNT OIL COMPANY,SHELL 153-89-6-31H 1,,PARSHALL,,,,,,,,,,,,,40953,,,
40954,33-061-05375-00-00,OG,LOC,7/23/2024,Horizontal,NENE 7-153-89,545 FNL 325 FEL,48.094041,-102.160992,HUNT OIL COMPANY,SHELL 153-89-8-17H 1,,PARSHALL,,,,,,,,,,,,,40954,,,
17469,33-061-00803-00-00,OG,A,9/29/2009,Horizontal,NWNW 8-153-89,400 FNL 300 FWL,48.094440,-102.158434,HUNT OIL COMPANY,SHELL 1-08H,14359,PARSHALL,BAKKEN,9509-14281,9/29/2009,AL,9/30/2009,SEC,365670,169339,128898,736,216,1975,17469,,,117469
18325,33-061-01124-00-00,OG,A,4/29/2023,Horizontal,SESW 9-153-89,260 FSL 1800 FWL,48.081727,-102.130613,HUNT OIL COMPANY,SEVERANCE 1-9-4H,18475,PARSHALL,BAKKEN,9526-18005,5/11/2010,AL,5/19/2010,,542476,185167,670771,1467,379,833,18325,,,118325
22144,33-061-01981-00-00,OG,PNC,11/21/2014,Horizontal,SESW 9-153-89,315 FSL 2425 FWL,48.081875,-102.128054,HUNT OIL COMPANY,SEVERANCE 2-9-4H,,PARSHALL,BAKKEN,,,PNC,11/21/2014,,,,,,,,22144,,,
19840,33-061-01551-00-00,OG,A,6/3/2011,Horizontal,SESW 15-153-89,290 FSL 1510 FWL,48.067421,-102.110244,HUNT OIL COMPANY,SHELL 1-15-10H 1,18793,PARSHALL,BAKKEN,9329-18588,6/3/2011,AL,6/17/2011,,228490,103097,230598,200,50,195,19840,,,119840
22265,33-061-02005-00-00,OG,PNC,11/21/2014,Horizontal,SWSW 17-153-89,337 FSL 620 FWL,48.067464,-102.157046,HUNT OIL COMPANY,FRINK 2-17H,,PARSHALL,BAKKEN,,,PNC,11/21/2014,,,,,,,,22265,,,
16776,33-061-00565-00-00,OG,A,9/15/2019,Horizontal,NENW 18-153-89,250 FNL 1777 FWL,48.080329,-102.173868,HUNT OIL COMPANY,BOWMAN 1-18H,13642,PARSHALL,BAKKEN,9493-13642,11/17/2007,AL,12/1/2007,SEC,490396,264817,47954,864,300,40,16776,,,216776
16922,33-061-00601-00-00,OG,A,4/2/2008,Horizontal,NWNE 20-153-89,233 FNL 2209 FEL,48.065906,-102.147032,HUNT OIL COMPANY,FRINK  1-17H,13900,PARSHALL,BAKKEN,9657-13900,4/2/2008,AL,4/12/2008,,471080,244502,114115,746,157,147,16922,,,116922
41319,33-061-05431-00-00,OG,LOC,11/6/2024,Horizontal,NENW 20-153-89,365 FNL 2405 FWL,48.065543,-102.149734,HUNT OIL COMPANY,SHELL 153-89-17-6H-1,,PARSHALL,,,,,,,,,,,,,41319,,,
41320,33-061-05432-00-00,OG,LOC,11/6/2024,Horizontal,NENW 20-153-89,365 FNL 2375 FWL,48.065543,-102.149857,HUNT OIL COMPANY,SHELL 153-89-17-7H-1,,PARSHALL,,,,,,,,,,,,,41320,,,
16799,33-061-00571-00-00,OG,A,8/31/2023,Horizontal,SWSE 27-153-89,200 FSL 1727 FEL,48.038230,-102.101847,HUNT OIL COMPANY,PATTEN 1-27H,13771,PARSHALL,BAKKEN,9287-13771,3/5/2008,AL,3/10/2008,SEC,139476,33782,297527,307,77,292,16799,,,116799
30615,33-061-03561-00-00,OG,PNC,11/15/2024,Horizontal,SWSW 27-153-89,344 FSL 529 FWL,48.038605,-102.114198,HUNT OIL COMPANY,PATTEN 153-89-27-22H 1,,PARSHALL,BAKKEN,,,PNC,1/30/2020,,,,,,,,30615,,,
18705,33-061-01265-00-00,OG,A,2/1/2023,Horizontal,NWNW 33-153-89,1280 FNL 250 FWL,48.034117,-102.136891,HUNT OIL COMPANY,PATTEN 1-33-34H 1,18635,PARSHALL,BAKKEN,9524-17867,7/4/2010,AL,7/12/2010,,358445,129644,294581,990,170,1532,18705,,,218705
30410,33-061-03484-00-00,ON CONFIDENTIAL STATUS,,,,SWSW 33-153-89,1230 FSL 225 FWL,48.026437,-102.137018,HUNT OIL COMPANY,PATTEN 153-89-33-34H- 2X,,PARSHALL,,,,,,,,,,,,,30410,,,218705
30411,33-061-03485-00-00,ON CONFIDENTIAL STATUS,,,,SWSW 33-153-89,1280 FSL 225 FWL,48.026574,-102.137018,HUNT OIL COMPANY,PATTEN 153-89-33-34H- 3X,,PARSHALL,,,,,,,,,,,,,30411,,,218705
41316,33-061-05428-00-00,OG,LOC,11/6/2024,Horizontal,SWSW 33-153-89,326 FSL 274 FWL,48.023958,-102.136826,HUNT OIL COMPANY,PATTEN 153-89-33-34H- 2,,PARSHALL,,,,,,,,,,,,,41316,,,
41317,33-061-05429-00-00,OG,LOC,11/6/2024,Horizontal,SWSW 33-153-89,326 FSL 304 FWL,48.023957,-102.136703,HUNT OIL COMPANY,PATTEN 153-89-33-34H- 3,,PARSHALL,,,,,,,,,,,,,41317,,,
41318,33-061-05430-00-00,OG,LOC,11/6/2024,Horizontal,SWSW 33-153-89,326 FSL 334 FWL,48.023957,-102.136580,HUNT OIL COMPANY,PATTEN 153-89-33-34H- 4,,PARSHALL,,,,,,,,,,,,,41318,,,
19636,33-061-01514-00-00,OG,A,4/16/2011,Horizontal,SESW 35-153-89,260 FSL 1550 FWL,48.023923,-102.088504,HUNT OIL COMPANY,SHELL 1-35-26H 1,18794,PARSHALL,BAKKEN,9899-18575,4/16/2011,F,5/1/2011,,221805,105944,287819,408,75,430,19636,,,119636
19909,33-061-01571-00-00,OG,PNC,3/6/2012,Horizontal,SWSW 36-153-89,260 FSL 985 FWL,48.023906,-102.069144,HUNT OIL COMPANY,SHELL 1-36-25H 1,,PARSHALL,BAKKEN,,,PNC,3/6/2012,,,,,,,,19909,,,
6076,33-053-00682-00-00,OG,DRY,8/10/1978,Vertical,SENW 30-153-95,1980 FNL 1973 FWL,48.047208,-102.949518,HUNT OIL COMPANY,KNIGHT 1-30,12258,KEENE,INTERLAKE,,8/10/1978,DRY,8/10/1978,,,,,,,,6076,,,
1720,33-049-00026-00-00,OG,DRY,1/22/1958,Vertical,NENE 30-154-77,660 FNL 660 FEL,48.136494,-100.607411,HUNT OIL COMPANY,FRANK BOEHM 1,4236,WILDCAT,MADISON,,1/22/1958,DRY,1/22/1958,,,,,,,,1720,,,
17647,33-061-00877-00-00,OG,A,4/4/2023,Horizontal,SWSE 6-154-89,250 FSL 1936 FEL,48.183077,-102.167746,HUNT OIL COMPANY,HAHN 1-06H,13650,PARSHALL,BAKKEN,9290-13650,3/17/2009,AL,4/4/2009,SEC,343683,166507,95273,1083,283,461,17647,,,117647
17607,33-061-00862-00-00,OG,A,4/3/2024,Horizontal,SWSE 7-154-89,260 FSL 1795 FEL,48.168652,-102.167148,HUNT OIL COMPANY,JENSEN 1-7H,13535,PARSHALL,BAKKEN,9366-13535,12/7/2008,AL,12/28/2008,SEC,464557,196708,172282,496,104,147,17607,,,117607
18254,33-061-01097-00-00,OG,A,3/27/2010,Horizontal,SWSW 8-154-89,450 FSL 1280 FWL,48.169162,-102.154536,HUNT OIL COMPANY,LEE 8-5H 1,18800,PARSHALL,BAKKEN,9518-18641,3/27/2010,AL,4/5/2010,,429040,174412,301991,1356,298,886,18254,,,218254
22256,33-061-02003-00-00,OG,A,7/25/2012,Horizontal,SESW 8-154-89,225 FSL 2325 FWL,48.168531,-102.150249,HUNT OIL COMPANY,LEE 2-8-5H,18948,PARSHALL,BAKKEN,9465-18948,7/25/2012,AL,8/6/2012,,236535,90818,196179,60,17,23,22256,,,218254
19602,33-061-01505-00-00,OG,PNC,3/6/2012,Horizontal,NWNW 13-154-89,325 FNL 1200 FWL,48.167094,-102.068459,HUNT OIL COMPANY,OAKLAND 1-12-1H 1,,PARSHALL,BAKKEN,,,PNC,3/6/2012,,,,,,,,19602,,,
18076,33-061-01019-00-00,OG,A,6/21/2009,Horizontal,NENW 17-154-89,216 FNL 1814 FWL,48.167329,-102.152346,HUNT OIL COMPANY,SAUBER  1-17H,13517,PARSHALL,BAKKEN,9375-13430,6/21/2009,AL,6/27/2009,SEC,334026,173262,177710,680,116,648,18076,,,118076
17738,33-061-00904-00-00,OG,A,5/8/2009,Horizontal,NENW 18-154-89,230 FNL 1925 FWL,48.167303,-102.173198,HUNT OIL COMPANY,SAUBER 1-18H,13644,PARSHALL,BAKKEN,9285-13644,5/8/2009,AL,5/15/2009,SEC,452326,271584,76417,1476,398,403,17738,,,117738
23930,33-061-02275-00-00,OG,A,2/10/2023,Horizontal,LOT1 18-154-89,300 FNL 570 FWL,48.167105,-102.179042,HUNT OIL COMPANY,OAKLAND  2-18-19H,19684,PARSHALL,BAKKEN,,,LOC,9/27/2012,,275646,153403,189675,,,,23930,,,223930
28847,33-061-03199-00-00,OG,A,2/10/2023,Horizontal,LOT1 18-154-89,300 FNL 600 FWL,48.167105,-102.178632,HUNT OIL COMPANY,OAKLAND  2-7-6H,19658,PARSHALL,BAKKEN,,,PNC,7/11/2020,,188204,117673,115389,,,,28847,,,223930
39288,33-061-05071-00-00,ON CONFIDENTIAL STATUS,,,,LOT1 18-154-89,400 FNL 395 FWL,48.166830,-102.179474,HUNT OIL COMPANY,OAKLAND 154-89-18 SWD 1,,PARSHALL,,,,,,,,,,,,,39288,,,
17290,33-061-00750-00-00,OG,A,10/3/2024,Horizontal,NENW 19-154-89,270 FNL 1695 FWL,48.152609,-102.174199,HUNT OIL COMPANY,HORST 1-19H,13724,PARSHALL,BAKKEN,9385-13724,6/5/2009,AL,6/13/2009,SEC,354266,183815,60219,1017,225,315,17290,,,117290
17301,33-061-00754-00-00,OG,A,7/3/2024,Horizontal,NWNW 20-154-89,400 FNL 435 FWL,48.152214,-102.157985,HUNT OIL COMPANY,OAKLAND 1-20H,14392,PARSHALL,BAKKEN,9475-14313,9/26/2009,F,9/27/2009,,268659,130369,75304,482,159,918,17301,,,117301
40891,33-061-05360-00-00,OG,LOC,7/1/2024,Horizontal,NENW 20-154-89,460 FNL 1455 FWL,48.152056,-102.153804,HUNT OIL COMPANY,OAKLAND 154-89-20-29H-1,,PARSHALL,,,,,,,,,,,,,40891,,,
40892,33-061-05361-00-00,OG,LOC,7/1/2024,Horizontal,NENW 20-154-89,460 FNL 1425 FWL,48.152056,-102.153927,HUNT OIL COMPANY,OAKLAND 154-89-18-7H-1,,PARSHALL,,,,,,,,,,,,,40892,,,
18113,33-061-01031-00-00,OG,A,12/3/2024,Horizontal,NENW 28-154-89,260 FNL 1550 FWL,48.138146,-102.131784,HUNT OIL COMPANY,HENRY 1-28H,13670,PARSHALL,BAKKEN,9545-13585,7/16/2009,AL,7/26/2009,SEC,253801,149045,114500,600,116,441,18113,,,118113
17826,33-061-00928-00-00,OG,A,10/3/2024,Horizontal,SWSE 29-154-89,200 FSL 1800 FEL,48.125256,-102.145554,HUNT OIL COMPANY,WOESSNER 1-29H,13813,PARSHALL,BAKKEN,9537-13813,5/22/2009,AL,6/7/2009,SEC,442221,183922,219568,1690,334,644,17826,,,117826
40820,33-061-05351-00-00,OG,LOC,6/10/2024,Horizontal,NWNW 29-154-89,325 FNL 410 FWL,48.137924,-102.158085,HUNT OIL COMPANY,OAKLAND 154-89-19-18H 3,,PARSHALL,,,,,,,,,,,,,40820,,,
40821,33-061-05352-00-00,OG,LOC,6/10/2024,Horizontal,NWNW 29-154-89,325 FNL 440 FWL,48.137924,-102.157962,HUNT OIL COMPANY,OAKLAND 154-89-29-32H 1,,PARSHALL,,,,,,,,,,,,,40821,,,
17145,33-061-00701-00-00,OG,A,8/30/2024,Horizontal,SWSE 30-154-89,230 FSL 1797 FEL,48.125297,-102.167195,HUNT OIL COMPANY,KULLAND 1-30H,13760,PARSHALL,BAKKEN,9624-13760,11/12/2008,AL,11/22/2008,SEC,423107,228781,116972,980,323,609,17145,,,117145
17012,33-061-00636-00-00,OG,A,8/30/2024,Horizontal,NENW 31-154-89,243 FNL 1775 FWL,48.124014,-102.173902,HUNT OIL COMPANY,MOEN  1-31H,13680,PARSHALL,BAKKEN,9492-13680,5/16/2008,AL,6/3/2008,SEC,407551,233214,110243,629,224,107,17012,,,117012
40030,33-061-05199-00-00,ON CONFIDENTIAL STATUS,,,,SESE 31-154-89,365 FSL 390 FEL,48.110983,-102.161286,HUNT OIL COMPANY,OAKLAND 154-89-31-30H 3,,PARSHALL,,,,,,,,,,,,,40030,,,
40031,33-061-05200-00-00,ON CONFIDENTIAL STATUS,,,,SESE 31-154-89,365 FSL 360 FEL,48.110983,-102.161163,HUNT OIL COMPANY,SHELL 153-89-6-8H 1,,PARSHALL,,,,,,,,,,,,,40031,,,
40032,33-061-05201-00-00,ON CONFIDENTIAL STATUS,,,,SESE 31-154-89,365 FSL 330 FEL,48.110983,-102.161040,HUNT OIL COMPANY,OAKLAND 154-89-31-29H 1,,PARSHALL,,,,,,,,,,,,,40032,,,
40033,33-061-05202-00-00,ON CONFIDENTIAL STATUS,,,,SESE 31-154-89,365 FSL 300 FEL,48.110983,-102.160918,HUNT OIL COMPANY,SHELL 153-89-5-8H 1,,PARSHALL,,,,,,,,,,,,,40033,,,
40651,33-061-05336-00-00,SWD,A,9/24/2024,Vertical,SESE 31-154-89,305 FSL 565 FEL,48.110817,-102.162002,HUNT OIL COMPANY,OAKLAND 154-89-31 SWD 1,5266,PARSHALL,,,,,,,,,,,,,40651,,,
17836,33-061-00934-00-00,OG,A,10/3/2024,Horizontal,NENW 32-154-89,250 FNL 1900 FWL,48.123997,-102.152042,HUNT OIL COMPANY,HORST 1-32H,13670,PARSHALL,BAKKEN,9485-13495,8/14/2009,AL,8/21/2009,SEC,328180,183281,68055,886,230,450,17836,,,117836
22536,33-061-02051-00-00,OG,PNC,6/19/2018,Horizontal,SWSW 32-154-89,225 FSL 830 FWL,48.110620,-102.156284,HUNT OIL COMPANY,OAKLAND  2-32-29H,,PARSHALL,BAKKEN,,,PNC,6/19/2018,,,,,,,,22536,,,
40634,33-061-05332-00-00,OG,LOC,4/3/2024,Horizontal,NWNW 32-154-89,445 FNL 1015 FWL,48.123448,-102.155662,HUNT OIL COMPANY,OAKLAND 154-89-30-19H-1,,PARSHALL,,,,,,,,,,,,,40634,,,
40635,33-061-05333-00-00,OG,LOC,4/3/2024,Horizontal,NWNW 32-154-89,445 FNL 1045 FWL,48.123449,-102.155539,HUNT OIL COMPANY,OAKLAND 154-89-32-5H-1,,PARSHALL,,,,,,,,,,,,,40635,,,
18168,33-061-01056-00-00,OG,A,9/17/2009,Horizontal,NENW 33-154-89,225 FNL 1520 FWL,48.124006,-102.131944,HUNT OIL COMPANY,BARTELSON 1-33H,13757,PARSHALL,BAKKEN,9574-13630,9/17/2009,AL,9/23/2009,SEC,306864,157612,145055,633,99,640,18168,,,118168
17379,33-061-00777-00-00,OG,AB,12/19/2023,Horizontal,NENW 22-154-90,270 FNL 1560 FWL,48.152750,-102.239659,HUNT OIL COMPANY,KARBOWSKI 1-22H,13868,PARSHALL,BAKKEN,9750-13868,2/6/2009,AL,3/3/2009,,572053,370458,32701,1971,568,142,17379,,,217379
20699,33-061-01731-00-00,OG,IA,6/18/2024,Horizontal,NWNW 22-154-90,400 FNL 240 FWL,48.152398,-102.245072,HUNT OIL COMPANY,KARBOWSKI 2-22H 2,14065,PARSHALL,BAKKEN,9836-14065,8/19/2011,AL,9/24/2011,SEC,294843,399974,23006,344,120,17,20699,,,217379
17419,33-061-00791-00-00,OG,A,3/1/2023,Horizontal,SWSE 24-154-90,300 FSL 1785 FEL,48.139723,-102.188465,HUNT OIL COMPANY,HORST 1-24H,13740,PARSHALL,BAKKEN,9578-13740,10/22/2008,AL,11/17/2008,SEC,559560,382277,75055,831,183,98,17419,,,217419
20262,33-061-01652-00-00,OG,A,3/1/2023,Horizontal,SESE 24-154-90,290 FSL 830 FEL,48.139709,-102.184550,HUNT OIL COMPANY,HORST 2-24H 2,13861,PARSHALL,BAKKEN,9460-13861,6/17/2011,AL,7/10/2011,SEC,306061,205335,57047,454,28,22,20262,,,217419
21793,33-061-01914-00-00,OG,A,7/15/2012,Horizontal,SWSW 24-154-90,215 FSL 1250 FWL,48.139460,-102.197741,HUNT OIL COMPANY,HORST 2-25H,14496,PARSHALL,BAKKEN,10038-14496,7/15/2012,AL,8/1/2012,,219978,162142,17089,56,25,5,21793,,,217239
29312,33-061-03292-00-00,OG,A,2/2/2015,Horizontal,SWSW 24-154-90,270 FSL 965 FWL,48.139607,-102.198909,HUNT OIL COMPANY,HORST 154-90-24H-3,13981,PARSHALL,BAKKEN,9810-13980,2/2/2015,F,2/4/2015,SEC,212604,203973,13344,511,191,9,29312,,,217419
17239,33-061-00733-00-00,OG,A,7/29/2008,Horizontal,NENW 25-154-90,220 FNL 1735 FWL,48.138274,-102.195760,HUNT OIL COMPANY,HORST 1-25H,13768,PARSHALL,BAKKEN,9508-13768,7/29/2008,AL,8/7/2008,SEC,560718,331630,100596,1237,242,333,17239,,,217239
17425,33-061-00794-00-00,OG,IA,10/17/2024,Horizontal,SWSE 27-154-90,295 FSL 1650 FEL,48.125595,-102.231211,HUNT OIL COMPANY,WEFLEN 1-27H,14000,PARSHALL,BAKKEN,9775-14000,4/19/2009,AL,4/25/2009,SEC,594557,479881,30362,1050,591,170,17425,,,217425
23026,33-061-02147-00-00,OG,A,7/3/2024,Horizontal,SWSW 27-154-90,375 FSL 550 FWL,48.125783,-102.243775,HUNT OIL COMPANY,WEFLEN 2-27H,14047,PARSHALL,BAKKEN,9899-13839,7/21/2018,AL,7/31/2018,SEC,162733,505790,12646,339,131,23,23026,,,217425
29287,33-061-03282-00-00,OG,A,12/30/2023,Horizontal,SESE 27-154-90,350 FSL 410 FEL,48.125758,-102.226129,HUNT OIL COMPANY,AUSTIN 154-90-27-22H-1,19355,PARSHALL,BAKKEN,9761-19101,7/28/2018,AL,8/1/2018,,297025,681403,60955,1073,570,341,29287,,,217425
34689,33-061-04211-00-00,OG,AB,7/17/2024,Horizontal,SESE 27-154-90,350 FSL 440 FEL,48.125758,-102.226252,HUNT OIL COMPANY,AUSTIN 154-90-27-22H- 2,20123,PARSHALL,BAKKEN,9730-19870,7/29/2018,AL,8/1/2018,,271547,445129,41162,627,373,286,34689,,,217425
1190,33-105-00485-00-00,OG,PA,3/1/1968,Vertical,SESE 6-154-95,660 FSL 660 FEL,48.184613,-102.939187,HUNT OIL COMPANY,H. STOCKMAN 1,8425,HOFFLUND,MADISON,8374-8377,8/21/1956,PNA,8/21/1956,,33396,34417,94799,24,33,36,1190,,,
18045,33-061-01006-00-00,OG,PNC,10/27/2009,Horizontal,SESW 31-155-89,225 FSL 1785 FEL,48.197596,-102.167203,HUNT OIL COMPANY,MEYER 1-31H,,PARSHALL,BAKKEN,,,PNC,10/27/2009,,,,,,,,18045,,,
18390,33-061-01146-00-00,OG,A,10/26/2023,Horizontal,SESW 31-155-89,220 FSL 1280 FWL,48.197589,-102.175834,HUNT OIL COMPANY,MEYER 1-31-30H,18719,PARSHALL,BAKKEN,9382-17867,6/25/2010,AL,7/3/2010,,477707,143660,258545,1190,295,907,18390,,,218390
22335,33-061-02013-00-00,OG,A,3/1/2023,Horizontal,SESE 31-155-89,200 FSL 500 FEL,48.197523,-102.161928,HUNT OIL COMPANY,MEYERS 2-31-30H,18820,PARSHALL,BAKKEN,9349-18820,6/1/2012,AL,7/1/2012,,226288,73061,210994,277,81,490,22335,,,218390
19495,33-061-01473-00-00,OG,A,3/1/2023,Horizontal,SWSW 32-155-89,240 FSL 1200 FWL,48.197618,-102.154952,HUNT OIL COMPANY,MCALMOND 1-32-29H 1,18817,PARSHALL,BAKKEN,9258-18817,3/9/2011,AL,3/26/2011,,287956,101715,335135,588,185,854,19495,,,119495
19309,33-061-01430-00-00,OG,A,12/24/2010,Horizontal,SWSE 35-155-89,280 FSL 2430 FEL,48.197674,-102.083347,HUNT OIL COMPANY,MCALMOND 1-35-26H 1,18643,PARSHALL,BAKKEN,9072-18643,12/24/2010,AL,1/2/2011,,66963,20675,370805,100,15,684,19309,,,119309
17132,33-061-00696-00-00,OG,A,5/1/2024,Horizontal,SESE 25-155-90,300 FSL 540 FEL,48.212202,-102.183359,HUNT OIL COMPANY,NELSON 1-25H,13985,PARSHALL,BAKKEN,9237-13985,9/20/2008,EXP,9/25/2008,SEC,225682,61615,47093,608,110,242,17132,,,117132
20910,33-061-01762-00-00,OG,A,12/30/2023,Horizontal,SWSW 25-155-90,335 FSL 1315 FWL,48.212294,-102.197377,HUNT OIL COMPANY,NELSON 2-25H,13377,PARSHALL,BAKKEN,9405-13377,12/2/2013,AL,12/4/2013,SEC,153195,50866,145189,447,101,2695,20910,,,120910
17126,33-061-00692-00-00,OG,A,8/30/2024,Horizontal,SESE 26-155-90,300 FSL 660 FEL,48.212193,-102.205485,HUNT OIL COMPANY,NELSON 1-26H,13704,PARSHALL,BAKKEN,9295-13704,6/30/2008,AL,7/7/2008,SEC,249239,84417,74075,505,82,251,17126,,,117126
19804,33-061-01548-00-00,OG,A,12/30/2023,Horizontal,SESW 26-155-90,210 FSL 1980 FWL,48.211966,-102.216263,HUNT OIL COMPANY,NELSON 2-26H,13950,PARSHALL,BAKKEN,9348-13950,10/19/2011,F,10/23/2011,SEC,244937,87702,209990,766,134,2208,19804,,,119804
30759,33-061-03600-00-00,OG,A,12/30/2023,Horizontal,SESE 26-155-90,297 FSL 725 FEL,48.212185,-102.205751,HUNT OIL COMPANY,NELSON  25-26XH,14170,PARSHALL,BAKKEN,9763-14170,9/21/2017,AL,9/22/2017,,137247,67266,186291,671,183,854,30759,,,130759
758,33-105-00346-00-00,OG,DRY,11/23/1954,Vertical,NWNE 34-155-95,760 FNL 1980 FEL,48.209678,-102.879429,HUNT OIL COMPANY,B. E. HOVE 1,8703,WILDCAT,MADISON,,11/23/1954,DRY,11/23/1954,,,,,,,,758,,,
7089,33-105-00804-00-00,OG,DRY,9/28/1979,Vertical,NESW 14-155-97,2030 FSL 1980 FWL,48.246485,-103.122388,HUNT OIL COMPANY,WALTER H. GRONDALE 1,13798,WILDCAT,RED RIVER,,9/28/1979,DRY,9/28/1979,,,,,,,,7089,,,
8109,33-101-00258-00-00,OG,DRY,12/23/1980,Vertical,SESW 16-156-86,710 FSL 1820 FWL,48.329184,-101.742608,HUNT OIL COMPANY,ALLHOUSE-STATE OF NORTH DAKOTA 1-16,6410,WILDCAT,MADISON,,12/23/1980,DRY,12/23/1980,,,,,,,,8109,,,
19052,33-061-01371-00-00,OG,A,9/3/2010,Horizontal,SESW 18-156-89,370 FSL 1280 FWL,48.328077,-102.175701,HUNT OIL COMPANY,MCGAHAN 1-18-7H 1,18960,ROSS,BAKKEN,9157-18797,9/3/2010,AL,9/19/2010,,216575,100543,477365,295,52,477,19052,,,119052
19071,33-061-01378-00-00,OG,A,4/20/2011,Horizontal,SESW 2-156-90,405 FSL 1439 FWL,48.357207,-102.218256,HUNT OIL COMPANY,PALERMO 1-2-31H,19110,ROSS,BAKKEN,9048-19110,4/20/2011,AL,5/1/2011,,372437,168674,421665,598,203,521,19071,,,219071
20959,33-061-01778-00-00,OG,A,10/22/2011,Horizontal,LOT2 2-156-90,1291 FNL 2377 FEL,48.368879,-102.212428,HUNT OIL COMPANY,PALERMO 1-2-1H 1,16672,ROSS,BAKKEN,9489-16432,10/22/2011,AL,1/5/2012,,196269,111388,293110,299,113,461,20959,,,120959
35759,33-061-04352-00-00,ON CONFIDENTIAL STATUS,,,,SESW 2-156-90,487 FSL 1487 FWL,48.357432,-102.218057,HUNT OIL COMPANY,PALERMO 156-90-2-31H- 4,,ROSS,,,,,,,,,,,,,35759,,,
35761,33-061-04354-00-00,ON CONFIDENTIAL STATUS,,,,SESW 2-156-90,498 FSL 1515 FWL,48.357463,-102.217942,HUNT OIL COMPANY,PALERMO 156-90-2-31H 5X,,ROSS,,,,,,,,,,,,,35761,,,
41366,33-061-05440-00-00,OG,LOC,11/22/2024,Horizontal,SWSW 3-156-90,357 FSL 393 FWL,48.357012,-102.244366,HUNT OIL COMPANY,STATE A 156-90-9-16H-4,,ROSS,,,,,,,,,,,,,41366,,,
41367,33-061-05441-00-00,OG,LOC,11/22/2024,Horizontal,SWSW 3-156-90,357 FSL 423 FWL,48.357012,-102.244242,HUNT OIL COMPANY,STATE C 156-90-4-36H-2,,ROSS,,,,,,,,,,,,,41367,,,
41368,33-061-05442-00-00,OG,LOC,11/22/2024,Horizontal,SWSW 3-156-90,357 FSL 483 FWL,48.357013,-102.243995,HUNT OIL COMPANY,STATE C 156-90-4-36H-3,,ROSS,,,,,,,,,,,,,41368,,,
18933,33-061-01336-00-00,OG,A,12/3/2022,Horizontal,SWSW 5-156-90,280 FSL 1040 FWL,48.356926,-102.285176,HUNT OIL COMPANY,PALERMO 1-5-34H,19350,ROSS,BAKKEN,9373-19145,11/3/2010,AL,11/28/2010,,503149,445476,505492,581,393,385,18933,,,238775
38775,33-061-04987-00-00,OG,A,10/25/2022,Horizontal,SWSW 5-156-90,400 FSL 690 FWL,48.357256,-102.286621,HUNT OIL COMPANY,PALERMO 156-90-6-34H 3,,ROSS,BAKKEN,,,DRL,5/26/2022,,209343,269193,619157,,,,38775,,,238775
38777,33-061-04988-00-00,OG,A,9/27/2022,Horizontal,SWSW 5-156-90,400 FSL 720 FWL,48.357256,-102.286497,HUNT OIL COMPANY,PALERMO 156-90-5-34H 4,20507,ROSS,BAKKEN,,9/27/2022,F,9/27/2022,,305768,318625,637160,,,,38777,,,238775
38803,33-061-04989-00-00,OG,A,10/20/2022,Horizontal,SESE 5-156-90,265 FSL 570 FEL,48.356878,-102.270202,HUNT OIL COMPANY,KING 156-90-5-35H 4,20290,ROSS,BAKKEN,,10/20/2022,AL,11/16/2022,,223609,225229,575816,,,,38803,,,238803
38804,33-061-04990-00-00,OG,A,11/18/2022,Horizontal,SESE 5-156-90,265 FSL 540 FEL,48.356878,-102.270079,HUNT OIL COMPANY,KING 156-90-4-35H 3,20096,ROSS,BAKKEN,,11/18/2022,F,11/18/2022,,208796,229054,496408,,,,38804,,,238803
38833,33-061-04991-00-00,OG,A,9/22/2022,Horizontal,SESE 5-156-90,265 FSL 600 FEL,48.356878,-102.270326,HUNT OIL COMPANY,PALERMO-KING 156-90-5-34H 1,20522,ROSS,BAKKEN,,5/7/2022,F,5/7/2022,,241398,251069,658114,,,,38833,,,138833
21237,33-061-01828-00-00,OG,A,5/30/2024,Horizontal,SWSE 6-156-90,240 FSL 2000 FEL,48.356810,-102.297690,HUNT OIL COMPANY,PALERMO 2-6-34H,19632,ROSS,BAKKEN,9401-19632,3/21/2012,AL,4/28/2012,,350820,273112,586912,62,55,367,21237,,,121237
39116,33-061-05034-00-00,SWD,A,10/5/2022,Vertical,SENE 6-156-90,2563 FNL 543 FEL,48.365468,-102.291798,HUNT OIL COMPANY,PALERMO 156-90-6 SWD 1,,ROSS,,,,,,,,,,,,,39116,,,
18146,33-061-01044-00-00,OG,A,12/3/2022,Horizontal,NENW 8-156-90,200 FNL 1927 FWL,48.355609,-102.281518,HUNT OIL COMPANY,NIELSEN 1-8H,13318,ROSS,BAKKEN,9525-13190,9/3/2009,AL,9/10/2009,SEC,273339,304545,241904,717,269,437,18146,,,220634
20634,33-061-01716-00-00,OG,A,8/31/2023,Horizontal,NENE 8-156-90,250 FNL 500 FEL,48.355466,-102.269900,HUNT OIL COMPANY,NIELSEN 2-8H 2,13620,ROSS,BAKKEN,9274-13620,6/11/2011,F,6/11/2011,SEC,196061,219677,227692,278,84,244,20634,,,220634
41424,33-061-05458-00-00,OG,LOC,12/12/2024,Horizontal,NENE 8-156-90,875 FNL 475 FEL,48.353753,-102.269785,HUNT OIL COMPANY,STATE A 156-90-9-16H-3,,ROSS,,,,,,,,,,,,,41424,,,
21055,33-061-01790-00-00,OG,A,12/23/2011,Horizontal,NENW 10-156-90,310 FNL 1550 FWL,48.355194,-102.239606,HUNT OIL COMPANY,NICHOLS 2-10-15H 2,18990,ROSS,BAKKEN,9083-18990,12/23/2011,AL,12/24/2011,,289181,238332,301150,300,47,295,21055,,,221055
29924,33-061-03400-00-00,ON CONFIDENTIAL STATUS,,,,NWNE 10-156-90,175 FNL 1660 FEL,48.355586,-102.231022,HUNT OIL COMPANY,PALERMO 156-90-3-31H- 2X,,ROSS,,,,,,,,,,,,,29924,,,219071
29925,33-061-03401-00-00,OG,A,9/7/2018,Horizontal,NWNE 10-156-90,250 FNL 1735 FEL,48.355380,-102.231333,HUNT OIL COMPANY,NICHOLS 156-90-10-15H-3,18862,ROSS,BAKKEN,9900 -19100,9/7/2018,AL,9/13/2018,,254871,274950,664214,568,211,1424,29925,,,221055
34799,33-061-04220-00-00,OG,A,1/14/2022,Horizontal,NWNE 10-156-90,250 FNL 1705 FEL,48.355380,-102.231209,HUNT OIL COMPANY,NICHOLS 156-90-10-15H- 4,19137,ROSS,BAKKEN,9390-18931,9/4/2018,F,9/13/2018,,244266,146774,697933,533,268,2032,34799,,,221055
35760,33-061-04353-00-00,ON CONFIDENTIAL STATUS,,,,NENW 10-156-90,240 FNL 1628 FWL,48.355387,-102.239285,HUNT OIL COMPANY,NICHOLS 156-90-10-15H 5,,ROSS,,,,,,,,,,,,,35760,,,
41005,33-061-05384-00-00,OG,DRL,10/15/2024,Horizontal,NWNE 10-156-90,316 FNL 2021 FEL,48.355195,-102.232512,HUNT OIL COMPANY,PALERMO 156-90-3-31H- 2,,ROSS,,,,,,,,,,,,,41005,,,
41006,33-061-05385-00-00,OG,DRL,10/16/2024,Horizontal,NWNE 10-156-90,316 FNL 1991 FEL,48.355196,-102.232388,HUNT OIL COMPANY,PALERMO 156-90-3-31H 3,,ROSS,,,,,,,,,,,,,41006,,,
41007,33-061-05386-00-00,OG,DRL,10/18/2024,Horizontal,NWNE 10-156-90,316 FNL 1961 FEL,48.355196,-102.232265,HUNT OIL COMPANY,NICHOLS-TRULSON 156-90-10-14H- 1,,ROSS,,,,,,,,,,,,,41007,,,
18528,33-061-01200-00-00,OG,IA,11/19/2024,Horizontal,NWNW 11-156-90,270 FNL 1220 FWL,48.355355,-102.219172,HUNT OIL COMPANY,TRULSON 1-11-14H 1,18294,ROSS,BAKKEN,9288-18137,5/31/2010,AL,6/6/2010,,527018,281406,478880,1274,279,1093,18528,,,218528
29791,33-061-03380-00-00,OG,A,12/3/2024,Horizontal,NWNE 11-156-90,220 FNL 2295 FEL,48.355506,-102.212124,HUNT OIL COMPANY,TRULSON 156-90-11-14H-3,19417,ROSS,BAKKEN,,,LOC,10/23/2014,,289598,156495,895993,,,,29791,,,218528
29792,33-061-03381-00-00,OG,A,10/23/2022,Horizontal,NWNE 11-156-90,220 FNL 2345 FEL,48.355506,-102.212330,HUNT OIL COMPANY,PALERMO 156-90-2-31H 5,20175,ROSS,BAKKEN,,,LOC,10/23/2014,,220263,137502,929841,,,,29792,,,219071
34754,33-061-04218-00-00,OG,PA,4/24/2023,Horizontal,NWNW 11-156-90,371 FNL 1286 FWL,48.355079,-102.218903,HUNT OIL COMPANY,TRULSON 156-90-11-14H- 4,18832,ROSS,BAKKEN,9293-18454,7/31/2019,AL,8/7/2019,,6187,7408,199021,36,7,1831,34754,,,218528
40304,33-061-05262-00-00,ON CONFIDENTIAL STATUS,,,,NWNE 11-156-90,214 FNL 2178 FEL,48.355523,-102.211642,HUNT OIL COMPANY,TRULSON 156-90-11-14H- 2,,ROSS,,,,,,,,,,,,,40304,,,
40357,33-061-05280-00-00,ON CONFIDENTIAL STATUS,,,,NWNE 11-156-90,214 FNL 2148 FEL,48.355523,-102.211519,HUNT OIL COMPANY,TRULSON 156-90-11-14H- 5,,ROSS,,,,,,,,,,,,,40357,,,
90225,33-061-90225-00-00,SWD,A,8/18/2012,Vertical,NWNW 11-156-90,590 FNL 670 FWL,48.354473,-102.221445,HUNT OIL COMPANY,TRULSON 11 SWD 1,5340,ROSS,DAKOTA,4803-5054,8/18/2012,SWD,8/18/2012,,,,,,,,90225,W0325S0799D,12006490,
18932,33-061-01335-00-00,OG,A,4/29/2023,Horizontal,SWSW 13-156-90,375 FSL 1300 FWL,48.328112,-102.197392,HUNT OIL COMPANY,PALERMO 1-13-12H 1,18200,ROSS,BAKKEN,9346-17970,8/6/2010,AL,8/16/2010,,315947,151307,441792,621,118,1032,18932,,,118932
18232,33-061-01087-00-00,OG,A,11/1/2024,Horizontal,SWSE 15-156-90,500 FSL 1530 FEL,48.328495,-102.230689,HUNT OIL COMPANY,NICHOLS 10-15H 1,18867,ROSS,BAKKEN,9636-18697,12/28/2009,AL,1/14/2010,,540426,334491,494740,860,228,480,18232,,,118232
30294,33-061-03452-00-00,ON CONFIDENTIAL STATUS,,,,SESE 21-156-90,1225 FSL 400 FEL,48.316013,-102.247667,HUNT OIL COMPANY,PALERMO MCNIC 156-90-22-23H-2,,ROSS,,,,,,,,,,,,,30294,,,218577
30295,33-061-03453-00-00,ON CONFIDENTIAL STATUS,,,,SESE 21-156-90,1255 FSL 400 FEL,48.316095,-102.247668,HUNT OIL COMPANY,PALERMO MCNIC 156-90-22-23H-3,,ROSS,,,,,,,,,,,,,30295,,,218577
40247,33-061-05247-00-00,OG,DRL,10/12/2024,Horizontal,SESE 21-156-90,1285 FSL 400 FEL,48.316177,-102.247668,HUNT OIL COMPANY,PALERMO MCNIC 156-90-22-23H 4,,ROSS,,,,,,,,,,,,,40247,,,
18577,33-061-01224-00-00,OG,A,7/23/2010,Horizontal,NWNW 22-156-90,1220 FNL 200 FWL,48.323794,-102.245231,HUNT OIL COMPANY,PALERMO MCNIC 1-22-23H,18148,ROSS,BAKKEN,9470-18059,7/23/2010,AL,8/3/2010,,455830,204795,447140,795,172,1009,18577,,,218577
19238,33-061-01420-00-00,OG,A,11/14/2010,Horizontal,NWNW 24-156-90,370 FNL 1180 FWL,48.326071,-102.197895,HUNT OIL COMPANY,PALERMO 1-24-25H 1,18575,ROSS,BAKKEN,9373-18358,11/14/2010,AL,11/29/2010,,240830,122108,473169,532,100,708,19238,,,119238
178,33-105-00105-00-00,OG,PNC,10/6/1953,Vertical,SESE 10-156-95,660 FSL 660 FEL,48.343924,-102.874331,HUNT OIL COMPANY,MARVIN NYLANDER 5,,BEAVER LODGE,MADISON,,,PNC,10/6/1953,,,,,,,,178,,,
180,33-105-00107-00-00,OG,DRY,9/26/1953,Vertical,NWSW 14-156-95,1980 FSL 660 FWL,48.333035,-102.868933,HUNT OIL COMPANY,NYLANDER 7,8450,BEAVER LODGE,MADISON,,9/26/1953,DRY,9/26/1953,,,,,,,,180,,,
2015,33-105-00550-00-00,OG,PNC,9/11/1959,Vertical,CNE 24-156-96,1320 FNL 1320 FEL,48.323886,-102.962567,HUNT OIL COMPANY,KNUTSON-WALLA UNIT 1,,BEAVER LODGE,SILURIAN,,,PNC,9/11/1959,,,,,,,,2015,,,
349,33-105-00197-00-00,OG,DRY,8/13/1953,Vertical,SENE 24-156-96,1980 FNL 660 FEL,48.322085,-102.959840,HUNT OIL COMPANY,JOSIE KNUTSON 1,8600,BEAVER LODGE,MADISON,,8/13/1953,DRY,8/13/1953,,,,,,,,349,,,
39,33-049-00001-00-00,OG,DRY,3/7/1952,Vertical,NESW 3-157-78,1980 FSL 1980 FWL,48.449349,-100.725232,HUNT OIL COMPANY,W. B. SHOEMAKER 1,7218,WILDCAT,PRECAMBRIAN,,3/7/1952,DRY,3/7/1952,,,,,,,,39,,,
10496,33-101-00307-00-00,OG,DRY,11/21/1983,Vertical,SESW 25-157-86,660 FSL 1980 FWL,48.388725,-101.726205,HUNT OIL COMPANY,RONNINGEN ET AL 1,6175,WILDCAT,MADISON,,11/21/1983,DRY,11/21/1983,,,,,,,,10496,,,
39545,33-061-05110-00-00,OG,DRL,3/14/2024,Horizontal,NWNE 19-157-89,325 FNL 1803 FEL,48.415034,-102.219795,HUNT OIL COMPANY,REDMOND 157-89-19-30H 3,,CLEAR WATER,,,,,,,,,,,,,39545,,,
39546,33-061-05111-00-00,OG,DRL,3/15/2024,Horizontal,NWNE 19-157-89,325 FNL 1773 FEL,48.415034,-102.219671,HUNT OIL COMPANY,REDMOND 157-89-19-30H 4,,CLEAR WATER,,,,,,,,,,,,,39546,,,
39547,33-061-05112-00-00,OG,DRL,3/16/2024,Horizontal,NWNE 19-157-89,325 FNL 1743 FEL,48.415034,-102.219547,HUNT OIL COMPANY,REDMOND 157-89-19-30H 5,,CLEAR WATER,,,,,,,,,,,,,39547,,,
19729,33-061-01534-00-00,OG,IA,11/19/2024,Horizontal,SESW 30-157-89,280 FSL 1600 FWL,48.387736,-102.227606,HUNT OIL COMPANY,REDMOND 1-30-19 1,18635,CLEAR WATER,BAKKEN,9061-18635,8/18/2011,AL,8/31/2011,,257927,171512,515239,328,109,314,19729,,,119729
18648,33-061-01250-00-00,OG,A,7/27/2023,Horizontal,NWNW 11-157-90,805 FNL 190 FWL,48.442763,-102.276711,HUNT OIL COMPANY,CLEARWATER 4-11H,14670,CLEAR WATER,BAKKEN,9087-14670,12/12/2011,AL,12/14/2011,SEC,111801,78805,1004405,197,78,505,18648,,,118648
18150,33-061-01047-00-00,OG,A,12/15/2017,Horizontal,NWNW 12-157-90,300 FNL 300 FWL,48.444094,-102.254372,HUNT OIL COMPANY,CLEARWATER 3-12H,13568,CLEAR WATER,BAKKEN,9235-13522,9/24/2009,AL,9/24/2009,,173911,73548,381350,234,86,1902,18150,,,118150
41239,33-061-05413-00-00,OG,LOC,10/14/2024,Horizontal,SWSE 13-157-90,250 FSL 1795 FEL,48.416597,-102.241344,HUNT OIL COMPANY,CLEARWATER 157-90-13-12H- 1,,CLEAR WATER,,,,,,,,,,,,,41239,,,
41240,33-061-05414-00-00,OG,LOC,10/14/2024,Horizontal,SWSE 13-157-90,250 FSL 1765 FEL,48.416597,-102.241220,HUNT OIL COMPANY,CLEARWATER 157-90-13-12H- 2,,CLEAR WATER,,,,,,,,,,,,,41240,,,
41241,33-061-05415-00-00,OG,LOC,10/14/2024,Horizontal,SWSE 13-157-90,250 FSL 1735 FEL,48.416597,-102.241096,HUNT OIL COMPANY,CLEARWATER 157-90-13-12H- 3,,CLEAR WATER,,,,,,,,,,,,,41241,,,
21171,33-061-01813-00-00,OG,A,12/14/2011,Horizontal,NWNW 14-157-90,700 FNL 275 FWL,48.428528,-102.276262,HUNT OIL COMPANY,HALVORSON 14-13 1H,17815,CLEAR WATER,BAKKEN,9135-17815,12/14/2011,AL,1/1/2012,,330316,137133,500593,450,175,703,21171,,,121171
41234,33-061-05409-00-00,OG,LOC,10/11/2024,Horizontal,SWSE 14-157-90,290 FSL 2045 FEL,48.416749,-102.264090,HUNT OIL COMPANY,CLEARWATER 157-90-14-11H- 1,,CLEAR WATER,,,,,,,,,,,,,41234,,,
41235,33-061-05410-00-00,OG,LOC,10/11/2024,Horizontal,SWSE 14-157-90,290 FSL 2015 FEL,48.416749,-102.263967,HUNT OIL COMPANY,CLEARWATER 157-90-14-11H- 2,,CLEAR WATER,,,,,,,,,,,,,41235,,,
41236,33-061-05411-00-00,OG,LOC,10/11/2024,Horizontal,SWSE 14-157-90,290 FSL 1985 FEL,48.416749,-102.263843,HUNT OIL COMPANY,CLEARWATER 157-90-14-11H- 3,,CLEAR WATER,,,,,,,,,,,,,41236,,,
41237,33-061-05412-00-00,OG,LOC,10/11/2024,Horizontal,SWSE 14-157-90,290 FSL 1955 FEL,48.416749,-102.263719,HUNT OIL COMPANY,CLEARWATER 157-90-14-12H- 1,,CLEAR WATER,,,,,,,,,,,,,41237,,,
40180,33-061-05235-00-00,OG,DRL,6/13/2024,Horizontal,NWNE 23-157-90,300 FNL 1791 FEL,48.415131,-102.263041,HUNT OIL COMPANY,CLEARWATER 157-90-23-26H 3,,CLEAR WATER,,,,,,,,,,,,,40180,,,
40181,33-061-05236-00-00,OG,DRL,6/14/2024,Horizontal,NWNE 23-157-90,300 FNL 1761 FEL,48.415131,-102.262918,HUNT OIL COMPANY,CLEARWATER 157-90-23-26H 4,,CLEAR WATER,,,,,,,,,,,,,40181,,,
40182,33-061-05237-00-00,OG,DRL,6/15/2024,Horizontal,NWNE 23-157-90,300 FNL 1731 FEL,48.415131,-102.262794,HUNT OIL COMPANY,CLEARWATER 157-90-23-26H 5,,CLEAR WATER,,,,,,,,,,,,,40182,,,
40541,33-061-05317-00-00,OG,DRL,6/16/2024,Horizontal,NWNE 23-157-90,300 FNL 1701 FEL,48.415131,-102.262671,HUNT OIL COMPANY,CLEARWATER 157-90-24-25H 2,,CLEAR WATER,,,,,,,,,,,,,40541,,,
19501,33-061-01476-00-00,OG,A,12/5/2023,Horizontal,NWNW 24-157-90,242 FNL 1165 FWL,48.415251,-102.250863,HUNT OIL COMPANY,CLEARWATER 1-24-25H 1,18535,CLEAR WATER,BAKKEN,9038-18535,8/29/2011,AL,9/6/2011,,245448,158109,181059,254,97,246,19501,,,119501
40547,33-061-05321-00-00,OG,DRL,6/21/2024,Horizontal,NWNE 24-157-90,275 FNL 1644 FEL,48.415158,-102.240725,HUNT OIL COMPANY,CLEARWATER 157-90-24-25H- 3,,CLEAR WATER,,,,,,,,,,,,,40547,,,
40548,33-061-05322-00-00,OG,DRL,6/22/2024,Horizontal,NWNE 24-157-90,275 FNL 1614 FEL,48.415158,-102.240601,HUNT OIL COMPANY,CLEARWATER 157-90-24-25H- 4,,CLEAR WATER,,,,,,,,,,,,,40548,,,
40549,33-061-05323-00-00,OG,DRL,6/23/2024,Horizontal,NWNE 24-157-90,275 FNL 1584 FEL,48.415158,-102.240477,HUNT OIL COMPANY,CLEARWATER 157-90-24-25H- 5,,CLEAR WATER,,,,,,,,,,,,,40549,,,
40550,33-061-05324-00-00,OG,DRL,6/24/2024,Horizontal,NWNE 24-157-90,275 FNL 1554 FEL,48.415158,-102.240354,HUNT OIL COMPANY,REDMOND 157-89-19-30H 2,,CLEAR WATER,,,,,,,,,,,,,40550,,,
41030,33-061-05391-00-00,SWD,DRL,11/20/2024,Vertical,NWNE 24-157-90,445 FNL 1464 FEL,48.414692,-102.239986,HUNT OIL COMPANY,CLEARWATER 157-90-24 SWD 1,,CLEAR WATER,,,,,,,,,,,,,41030,,,
21362,33-061-01851-00-00,OG,A,7/30/2024,Horizontal,SESW 26-157-90,300 FSL 1850 FWL,48.387766,-102.269756,HUNT OIL COMPANY,CLEARWATER 1-26-23H 1,18239,CLEAR WATER,BAKKEN,9271-18239,2/3/2012,AL,2/17/2012,,268880,237802,620757,174,98,251,21362,,,121362
17766,33-061-00908-00-00,OG,A,2/1/2023,Horizontal,NENW 35-157-90,260 FNL 1775 FWL,48.386232,-102.270064,HUNT OIL COMPANY,KING  35-4H,18744,ROSS,BAKKEN,9490-18545,6/6/2010,AL,6/24/2010,,390155,326125,547630,640,272,516,17766,,,217766
20682,33-061-01727-00-00,OG,PNC,6/1/2011,Horizontal,NENE 35-157-90,485 FNL 720 FEL,48.385559,-102.258738,HUNT OIL COMPANY,KING 2-35-4XH 2,,ROSS,BAKKEN,,,PNC,6/1/2011,,,,,,,,20682,,,
21020,33-061-01785-00-00,OG,A,12/3/2022,Horizontal,NWNE 35-157-90,360 FNL 1410 FEL,48.385916,-102.261582,HUNT OIL COMPANY,KING 2-35-4H 2,19282,ROSS,BAKKEN,9088-19282,3/29/2012,AL,4/21/2012,,343752,264850,400574,286,150,181,21020,,,217766
38738,33-061-04979-00-00,OG,A,6/3/2022,Horizontal,NENW 35-157-90,247 FNL 1514 FWL,48.386273,-102.271139,HUNT OIL COMPANY,CLEARWATER 157-90-26-23H 2,20596,CLEAR WATER,BAKKEN,,6/3/2022,AL,6/21/2022,,264608,215118,922803,,,,38738,,,138737
18585,33-061-01225-00-00,OG,A,3/5/2024,Horizontal,SESE 24-157-91,538 FSL 245 FEL,48.402998,-102.365291,HUNT OIL COMPANY,JAMES HILL 5-24H,14474,ROSS,BAKKEN,9547-14474,10/21/2010,AL,10/22/2010,SEC,108545,81210,304753,470,195,1858,18585,,,118585
1635,33-049-00020-00-00,OG,DRY,12/4/1957,Vertical,NWNW 30-158-78,660 FNL 660 FWL,48.485806,-100.795334,HUNT OIL COMPANY,W. M. HARRINGTON 1,4139,WILDCAT,LODGEPOLE,,12/4/1957,DRY,12/4/1957,,,,,,,,1635,,,
17780,33-061-00912-00-00,OG,A,11/22/2022,Horizontal,NWNW 17-158-89,250 FNL 470 FWL,48.516695,-102.210700,HUNT OIL COMPANY,CROWFOOT 1-17H,13652,CLEAR WATER,BAKKEN,8924-13598,9/16/2009,AL,9/16/2009,SEC,39067,45843,184844,58,8,324,17780,,,117780
18669,33-061-01254-00-00,OG,A,12/30/2023,Horizontal,SWSE 20-158-89,300 FSL 1500 FEL,48.489149,-102.196858,HUNT OIL COMPANY,CROWFOOT  2-20H,13922,CLEAR WATER,BAKKEN,8840-13922,10/26/2010,AL,10/27/2010,SEC,44539,32663,239378,5,28,342,18669,,,118669
3252,33-105-00627-00-00,OG,DRY,11/1/1962,Vertical,NENW 3-158-99,660 FNL 1980 FWL,48.544761,-103.463905,HUNT OIL COMPANY,HOOVER 1,8777,WILDCAT,MADISON,,11/1/1962,DRY,11/1/1962,,,,,,,,3252,,,
2846,33-105-00592-00-00,OG,DRY,3/16/1961,Vertical,NWNE 16-158-103,660 FNL 1980 FEL,48.516039,-104.001778,HUNT OIL COMPANY,STATE OF NORTH DAKOTA 1,8780,WILDCAT,MADISON,,3/16/1961,DRY,3/16/1961,,,,,,,,2846,,,
1652,33-049-00022-00-00,OG,DRY,12/24/1957,Vertical,NENW 12-159-77,660 FNL 1980 FWL,48.616111,-100.551332,HUNT OIL COMPANY,WALLACE KLEBE 1,3574,WILDCAT,LODGEPOLE,,12/24/1957,DRY,12/24/1957,,,,,,,,1652,,,
1651,33-049-00021-00-00,OG,DRY,12/20/1957,Vertical,SESE 17-159-79,660 FSL 660 FEL,48.591043,-100.888225,HUNT OIL COMPANY,BRUNO ROSENAU 1,4137,WILDCAT,LODGEPOLE,,12/20/1957,DRY,12/20/1957,,,,,,,,1651,,,
40760,33-013-01937-00-00,ON CONFIDENTIAL STATUS,,,,LOT1 6-159-90,360 FNL 324 FEL,48.632324,-102.344479,HUNT OIL COMPANY,KANDIYOHI 159-90-6-18H- 4,,THOMPSON LAKE,,,,,,,,,,,,,40760,,,
40761,33-013-01938-00-00,ON CONFIDENTIAL STATUS,,,,LOT1 6-159-90,360 FNL 354 FEL,48.632326,-102.344603,HUNT OIL COMPANY,KANDIYOHI 159-90-6-18H- 3,,THOMPSON LAKE,,,,,,,,,,,,,40761,,,
322,33-105-00189-00-00,OG,DRY,6/25/1953,Vertical,SENW 28-159-95,1980 FNL 1980 FWL,48.569867,-102.964635,HUNT OIL COMPANY,CARL A. STROMBECK 1,8185,WILDCAT,MADISON,,6/25/1953,DRY,6/25/1953,,0,0,0,,,,322,,,
28752,33-105-03594-00-00,OG,A,3/5/2024,Horizontal,LOT3 4-159-100,300 FNL 1980 FWL,48.632951,-103.616084,HUNT OIL COMPANY,BLUE RIDGE 159-100-4-9H-1,18990,GREEN LAKE,BAKKEN,9760-18887,10/23/2014,AL,10/31/2014,,134341,138291,338936,490,369,1372,28752,,,128752
39835,33-105-06042-00-00,OG,LOC,4/19/2024,Horizontal,LOT2 4-159-100,337 FNL 1736 FEL,48.632828,-103.609558,HUNT OIL COMPANY,SMOKY BUTTE 160-100-33-28H 3,,SMOKY BUTTE,,,,,,,,,,,,,39835,,,
39836,33-105-06043-00-00,OG,LOC,4/19/2024,Horizontal,LOT2 4-159-100,337 FNL 1706 FEL,48.632828,-103.609434,HUNT OIL COMPANY,SMOKY BUTTE 160-100-33-28H 4,,SMOKY BUTTE,,,,,,,,,,,,,39836,,,
39427,33-105-05919-00-00,OG,A,1/10/2024,Horizontal,LOT2 5-159-100,480 FNL 2331 FEL,48.632300,-103.633920,HUNT OIL COMPANY,BLUE RIDGE 159-100-5-8H 3,19934,GREEN LAKE,BAKKEN,,1/10/2024,F,1/10/2024,,109293,93684,535910,,,,39427,,,239516
39428,33-105-05920-00-00,OG,A,1/9/2024,Horizontal,LOT2 5-159-100,480 FNL 2301 FEL,48.632300,-103.633796,HUNT OIL COMPANY,BLUE RIDGE 159-100-5-8H 4,20051,GREEN LAKE,BAKKEN,,1/9/2024,F,1/9/2024,,108190,96846,434436,,,,39428,,,239516
27185,33-105-03350-00-00,OG,A,5/28/2014,Horizontal,LOT2 6-159-100,250 FNL 2135 FEL,48.632921,-103.654810,HUNT OIL COMPANY,SMOKY BUTTE 160-100-31-30H-1,19620,SMOKY BUTTE,BAKKEN,9662-19520,5/28/2014,AL,5/29/2014,,112420,125154,821677,125,39,1807,27185,,,227186
27186,33-105-03351-00-00,OG,A,11/22/2022,Horizontal,LOT2 6-159-100,250 FNL 2030 FEL,48.632923,-103.654375,HUNT OIL COMPANY,BLUE RIDGE 159-100-6-7H-1,19355,GREEN LAKE,BAKKEN,9726-19260,5/28/2014,AL,5/29/2014,,148688,158962,508655,54,47,629,27186,,,227186
38348,33-105-05616-00-00,OG,EXP,6/7/2024,Horizontal,LOT1 6-159-100,258 FNL 325 FEL,48.632927,-103.647321,HUNT OIL COMPANY,SMOKY BUTTE 160-100-31-30H 5,,SMOKY BUTTE,,,,,,,,,,,,,38348,,,
38349,33-105-05617-00-00,OG,A,10/25/2021,Horizontal,LOT1 6-159-100,338 FNL 355 FEL,48.632707,-103.647445,HUNT OIL COMPANY,Blue Ridge 159-100-6-7H 5,19877,GREEN LAKE,BAKKEN,,,F,10/25/2021,,185421,192726,977340,,,,38349,,,227186
38350,33-105-05618-00-00,OG,A,10/29/2021,Horizontal,LOT1 6-159-100,338 FNL 385 FEL,48.632707,-103.647570,HUNT OIL COMPANY,Blue Ridge 159-100-6-7H 4,19991,GREEN LAKE,BAKKEN,,,F,10/29/2021,,128715,140136,1032390,,,,38350,,,227186
38385,33-105-05625-00-00,OG,A,10/29/2021,Horizontal,LOT3 6-159-100,345 FNL 1340 FWL,48.632635,-103.661800,HUNT OIL COMPANY,Blue Ridge 159-100-6-7H2,19871,GREEN LAKE,BAKKEN,,,F,10/29/2021,,168854,178576,1014933,,,,38385,,,227186
38386,33-105-05626-00-00,OG,A,11/1/2024,Horizontal,LOT3 6-159-100,345 FNL 1370 FWL,48.632635,-103.661675,HUNT OIL COMPANY,Blue Ridge 159-100-6-7H3,19863,GREEN LAKE,BAKKEN,,,F,10/30/2021,,119206,132239,886001,,,,38386,,,227186
38387,33-105-05627-00-00,ON CONFIDENTIAL STATUS,,,,LOT3 6-159-100,265 FNL 1400 FWL,48.632855,-103.661547,HUNT OIL COMPANY,SMOKY BUTTE 160-100-31-30H2,,SMOKY BUTTE,,,,,,,,,,,,,38387,,,
38388,33-105-05628-00-00,ON CONFIDENTIAL STATUS,,,,LOT3 6-159-100,265 FNL 1430 FWL,48.632855,-103.661423,HUNT OIL COMPANY,SMOKY BUTTE 160-100-31-30H3,,SMOKY BUTTE,,,,,,,,,,,,,38388,,,
38389,33-105-05629-00-00,ON CONFIDENTIAL STATUS,,,,LOT3 6-159-100,265 FNL 1460 FWL,48.632856,-103.661299,HUNT OIL COMPANY,SMOKY BUTTE 160-100-31-30H4,,SMOKY BUTTE,,,,,,,,,,,,,38389,,,
90335,33-105-90335-00-00,SWD,A,6/27/2015,Vertical,LOT1 6-159-100,325 FNL 920 FEL,48.632734,-103.649783,HUNT OIL COMPANY,BLUE RIDGE 159-100-6 SWD 1,5280,GREEN LAKE,DAKOTA,4710-5130,6/27/2015,SWD,6/27/2015,,,,,,,,90335,W0442S0925D,10329495,
29323,33-105-03739-00-00,OG,A,4/4/2023,Horizontal,LOT2 18-159-100,2351 FNL 235 FWL,48.598176,-103.666606,HUNT OIL COMPANY,BLUE RIDGE 159-100-18-17H-1,19176,BLUE RIDGE,,9849-19082,2/1/2015,AL,2/3/2015,,148698,170217,224997,389,1576,222,29323,,,129323
28609,33-105-03565-00-00,OG,PNC,5/18/2015,Horizontal,SWSE 9-159-101,275 FSL 1980 FEL,48.605398,-103.741218,HUNT OIL COMPANY,SCORIO 159-101-9-4H-1,,ZAHL,BAKKEN,,,PNC,5/18/2015,,,,,,,,28609,,,
28659,33-105-03578-00-00,OG,A,1/1/2015,Horizontal,SWSE 10-159-101,275 FSL 2375 FEL,48.605363,-103.720998,HUNT OIL COMPANY,SCORIO 159-101-10-3H-1,19214,ZAHL,BAKKEN,9812-19210,1/1/2015,AL,1/16/2015,,84689,141455,403506,190,251,871,28659,,,128659
28660,33-105-03579-00-00,OG,A,10/26/2023,Horizontal,SWSE 10-159-101,275 FSL 2270 FEL,48.605362,-103.720564,HUNT OIL COMPANY,SCORIO 159-101-15-22H-1,19756,ZAHL,BAKKEN,9812-19655,1/7/2015,AL,1/15/2015,,98440,146327,276230,355,293,1582,28660,,,128660
27726,33-105-03427-00-00,OG,A,6/24/2014,Horizontal,SWSE 11-159-101,208 FSL 1980 FEL,48.605148,-103.697565,HUNT OIL COMPANY,SCORIO 159-101-14-23H-1,19680,ZAHL,BAKKEN,9690-19626,6/24/2014,AL,7/2/2014,,139154,176520,291175,277,0,1378,27726,,,127726
27727,33-105-03428-00-00,OG,A,6/23/2014,Horizontal,SWSE 11-159-101,208 FSL 1875 FEL,48.605148,-103.697131,HUNT OIL COMPANY,SCORIO 159-101-11-2H-1,19250,ZAHL,BAKKEN,9827-19192,6/23/2014,AL,7/3/2014,,122995,148744,447069,257,0,2054,27727,,,127727
23408,33-105-02739-00-00,OG,A,10/26/2023,Horizontal,NENW 13-159-101,240 FNL 1980 FWL,48.603935,-103.681188,HUNT OIL COMPANY,SCORIO 1-13-24H,19153,ZAHL,BAKKEN,9718-19048,8/20/2013,AL,8/21/2013,,190057,243975,315194,43,280,521,23408,,,123408
25516,33-105-03066-00-00,OG,A,8/19/2013,Horizontal,NENW 13-159-101,240 FNL 2085 FWL,48.603936,-103.680753,HUNT OIL COMPANY,SCORIO 159-101-12-1H-1,18959,ZAHL,BAKKEN,9750-18794,8/19/2013,AL,9/2/2013,,137126,180953,658980,28,38,69,25516,,,125516
39518,33-105-05949-00-00,ON CONFIDENTIAL STATUS,,,,NWNE 13-159-101,246 FNL 2230 FEL,48.603927,-103.676799,HUNT OIL COMPANY,SCORIO 159-101-13-24H- 4,,ZAHL,,,,,,,,,,,,,39518,,,
39519,33-105-05950-00-00,ON CONFIDENTIAL STATUS,,,,NWNE 13-159-101,246 FNL 2170 FEL,48.603928,-103.676550,HUNT OIL COMPANY,SCORIO 159-101-13-24H 5,,ZAHL,,,,,,,,,,,,,39519,,,
30021,33-105-03889-00-00,OG,PNC,12/19/2017,Horizontal,SWNW 26-159-101,1980 FNL 297 FWL,48.570262,-103.709977,HUNT OIL COMPANY,SCORIO 159-101-26-25H- 1,,ZAHL,BAKKEN,,,PNC,12/19/2017,,,,,,,,30021,,,
3110,33-105-00618-00-00,OG,DRY,3/17/1962,Vertical,SWNW 29-159-103,1980 FNL 660 FWL,48.570311,-104.034495,HUNT OIL COMPANY,CLIFFORD PRICE 3,7820,GRENORA,MADISON,,3/17/1962,DRY,3/17/1962,,,,,,,,3110,,,
9412,33-105-01011-00-00,OG,DRY,3/31/1982,Vertical,NESW 33-159-103,2100 FSL 1900 FWL,48.552549,-104.007476,HUNT OIL COMPANY,LUNDBY 1-33,12060,GRENORA,RED RIVER,,3/31/1982,DRY,3/31/1982,,,,,,,,9412,,,
2706,33-023-00058-00-00,OG,PA,8/5/1985,Vertical,NWSE 3-160-95,1980 FSL 1882 FEL,48.711167,-102.937215,HUNT OIL COMPANY,THOMAS OLSON 2,7665,STONEVIEW,MADISON,"7608-7620 <span title=""Gross Interval"">G",10/20/1960,PNA,10/20/1960,SE,82966,103069,124934,71,108,58,2706,,,
28631,33-023-01231-00-00,OG,A,10/5/2014,Horizontal,NWNE 17-160-100,233 FNL 2375 FEL,48.690968,-103.633913,HUNT OIL COMPANY,SMOKY BUTTE 160-100-8-5H-1,19368,SMOKY BUTTE,BAKKEN,9556-19268,10/5/2014,AL,10/18/2014,,192243,217462,285487,527,423,1003,28631,,,128631
28632,33-023-01232-00-00,OG,A,10/3/2014,Horizontal,NWNE 17-160-100,233 FNL 2270 FEL,48.690962,-103.633478,HUNT OIL COMPANY,SMOKY BUTTE 160-100-17-20H-1,18905,SMOKY BUTTE,BAKKEN,9440-18793,10/3/2014,AL,10/3/2014,,164246,193861,283191,267,45,963,28632,,,128632
28748,33-023-01236-00-00,OG,A,12/3/2014,Horizontal,NWNE 18-160-100,363 FNL 2340 FEL,48.690702,-103.655576,HUNT OIL COMPANY,SMOKY BUTTE 160-100-18-19H-1,18872,SMOKY BUTTE,BAKKEN,9430-18782,12/3/2014,AL,12/14/2014,,142014,162780,290631,355,304,904,28748,,,128748
28749,33-023-01237-00-00,OG,A,11/27/2014,Horizontal,NWNE 18-160-100,258 FNL 2340 FEL,48.690990,-103.655574,HUNT OIL COMPANY,SMOKY BUTTE 160-100-7-6H-1,19462,SMOKY BUTTE,BAKKEN,9646-19394,11/27/2014,AL,12/8/2014,,165594,167453,271021,523,427,1392,28749,,,128749
28753,33-023-01238-00-00,OG,A,2/6/2015,Horizontal,SWSE 32-160-100,275 FSL 1801 FEL,48.634365,-103.631725,HUNT OIL COMPANY,SMOKY BUTTE  160-100-32-29H-1,19043,SMOKY BUTTE,BAKKEN,9620-18943,2/6/2015,AL,2/11/2015,,104237,143194,418919,259,162,1026,28753,,,128753
39516,33-023-01479-00-00,OG,A,12/30/2023,Horizontal,SWSW 33-160-100,365 FSL 1227 FWL,48.634784,-103.619191,HUNT OIL COMPANY,SMOKY BUTTE 160-100-33-28H 1,22177,SMOKY BUTTE,BAKKEN,,12/30/2023,F,12/30/2023,,123460,94421,525191,,,,39516,,,239516
39517,33-023-01480-00-00,OG,A,12/30/2023,Horizontal,SWSW 33-160-100,365 FSL 1257 FWL,48.634783,-103.619067,HUNT OIL COMPANY,SMOKY BUTTE 160-100-33-28H 2,19803,SMOKY BUTTE,BAKKEN,,12/30/2023,F,12/30/2023,,108658,95024,505493,,,,39517,,,239516
23126,33-023-00847-00-00,OG,PNC,7/5/2012,Horizontal,LOT2 1-160-101,280 FNL 2250 FEL,48.719766,-103.676395,HUNT OIL COMPANY,SIOUX TRAIL 1-1-12HX,,WILDCAT,BAKKEN,,,PNC,7/5/2012,,,,,,,,23126,,,
23127,33-023-00848-00-00,OG,PNC,7/5/2012,Horizontal,LOT2 1-160-101,280 FNL 2350 FEL,48.719765,-103.676809,HUNT OIL COMPANY,ALEXANDRIA 1-33-28HTFX,,WILDCAT,BAKKEN,,,PNC,7/5/2012,,,,,,,,23127,,,
23322,33-023-00858-00-00,OG,A,12/15/2012,Horizontal,LOT2 1-160-101,585 FNL 2600 FEL,48.718926,-103.677859,HUNT OIL COMPANY,SIOUX TRAIL 1-1-12H,18496,SIOUX TRAIL,BAKKEN,9153-18496,12/15/2012,AL,12/29/2012,,104980,80681,278986,160,75,445,23322,,,123322
23323,33-023-00859-00-00,OG,A,11/21/2012,Horizontal,LOT3 1-160-101,585 FNL 2590 FWL,48.718924,-103.678495,HUNT OIL COMPANY,ALEXANDRIA  1-33-28HTF,19472,ALEXANDRIA,BAKKEN,9402-19472,11/21/2012,AL,1/2/2013,,141211,105967,243745,233,0,490,23323,,,123323
23233,33-023-00854-00-00,OG,A,10/12/2012,Horizontal,SESW 8-160-101,250 FSL 1960 FWL,48.692281,-103.768571,HUNT OIL COMPANY,SIOUX TRAIL 1-8-5HTF 1,18964,SIOUX TRAIL,BAKKEN,9497-18964,10/12/2012,AL,11/8/2012,,124639,126414,865768,133,20,550,23233,,,123233
25778,33-023-01058-00-00,OG,A,9/24/2013,Horizontal,SESW 8-160-101,446 FSL 2178 FWL,48.692818,-103.767675,HUNT OIL COMPANY,SIOUX TRAIL 160-101-17-20H-1,19477,SIOUX TRAIL,BAKKEN,9488-19377,9/24/2013,AL,10/6/2013,,169805,179394,781199,146,400,870,25778,,,125778
28559,33-023-01225-00-00,OG,A,12/7/2014,Horizontal,SWSE 9-160-101,235 FSL 2310 FEL,48.692216,-103.742547,HUNT OIL COMPANY,SIOUX TRAIL 160-101-9-4H-1,19014,SIOUX TRAIL,BAKKEN,9550-18911,12/7/2014,AL,12/13/2014,,139569,140568,449683,302,264,1062,28559,,,128559
27919,33-023-01180-00-00,OG,A,8/12/2014,Horizontal,SWSE 11-160-101,208 FSL 1875 FEL,48.692230,-103.697140,HUNT OIL COMPANY,SIOUX TRAIL 160-101-14-23H-1,19390,SIOUX TRAIL,BAKKEN,9578-19290,8/12/2014,AL,8/26/2014,,136716,173247,431918,238,132,808,27919,,,127919
27920,33-023-01181-00-00,OG,A,8/12/2014,Horizontal,SWSE 11-160-101,208 FSL 1980 FEL,48.692230,-103.697575,HUNT OIL COMPANY,SIOUX TRAIL 160-101-11-2H-1,19070,SIOUX TRAIL,BAKKEN,9619-18968,8/12/2014,AL,8/26/2014,,146349,174498,299154,173,132,967,27920,,,127920
27016,33-023-01130-00-00,OG,A,12/15/2019,Horizontal,NWNE 13-160-101,223 FNL 1925 FEL,48.691017,-103.675252,HUNT OIL COMPANY,SIOUX TRAIL 160-101-13-24H-1,18480,SIOUX TRAIL,BAKKEN,9570-18292,2/25/2014,AL,2/27/2014,,115397,145807,316684,141,65,2618,27016,,,127016
29269,33-023-01268-00-00,OG,A,7/29/2023,Horizontal,SESW 35-160-101,208 FSL 1980 FWL,48.634130,-103.703077,HUNT OIL COMPANY,SIOUX TRAIL 160-101-35-26H-1,19155,SIOUX TRAIL,BAKKEN,9713-19059,2/28/2015,AL,2/28/2015,,83330,95438,736397,231,66,866,29269,,,129269
27057,33-023-01132-00-00,OG,A,4/1/2014,Horizontal,SWSE 36-160-101,265 FSL 1980 FEL,48.634275,-103.675530,HUNT OIL COMPANY,SIOUX TRAIL 160-101-36-25H-1,19068,SIOUX TRAIL,BAKKEN,9748-18968,4/1/2014,AL,4/12/2014,,101858,126883,690283,268,230,1192,27057,,,127057
41048,33-023-01568-00-00,OG,DRL,9/17/2024,Horizontal,SWSE 36-160-101,294 FSL 2341 FEL,48.634352,-103.677025,HUNT OIL COMPANY,SIOUX TRAIL 160-101-36-24H- 1,,SIOUX TRAIL,,,,,,,,,,,,,41048,,,
41049,33-023-01569-00-00,OG,DRL,9/16/2024,Horizontal,SWSE 36-160-101,294 FSL 2311 FEL,48.634352,-103.676901,HUNT OIL COMPANY,SIOUX TRAIL 160-101-36-24H- 2,,SIOUX TRAIL,,,,,,,,,,,,,41049,,,
1527,33-009-00191-00-00,OG,DRY,8/30/1957,Vertical,NENE 24-161-77,660 FNL 660 FEL,48.761139,-100.579800,HUNT OIL COMPANY,NORMAN GLINZ 1,3400,WILDCAT,LODGEPOLE,,8/30/1957,DRY,8/30/1957,,,,,,,,1527,,,
1145,33-013-00026-00-00,OG,DRY,6/11/1956,Vertical,NESW 21-161-90,1980 FSL 1980 FWL,48.754975,-102.363143,HUNT OIL COMPANY,SENA RUHNKE 1,7060,COTEAU,LODGEPOLE,,6/11/1956,DRY,6/11/1956,,,,,,,,1145,,,
945,33-013-00012-00-00,OG,PA,2/16/1963,Vertical,NENW 28-161-90,660 FNL 1980 FWL,48.747739,-102.363149,HUNT OIL COMPANY,GUNNAR OPSETH 1,7016,COTEAU,MADISON,6356-6486,9/22/1955,PNA,9/22/1955,,41978,23642,13300,43,24,100,945,,,
1430,33-013-00042-00-00,OG,DRY,5/20/1957,Vertical,NESE 22-161-94,1980 FSL 660 FEL,48.755038,-102.855096,HUNT OIL COMPANY,S. H. COOKSLEY 1,8025,WILDCAT,MADISON,,5/20/1957,DRY,5/20/1957,,,,,,,,1430,,,
2376,33-013-00297-00-00,OG,PA,6/4/1986,Vertical,NWSE 31-161-94,1980 FSL 1980 FEL,48.725924,-102.926268,HUNT OIL COMPANY,SOLVEIG ARSTEIN 1,7805,STONEVIEW,MADISON,7693-7705,8/2/1959,PNA,8/2/1959,SE,109274,128538,125867,104,0,2,2376,,,
2551,33-013-00363-00-00,SWD,DRY,7/7/1983,Vertical,NWSW 32-161-94,2092 FSL 548 FWL,48.726234,-102.915788,HUNT OIL COMPANY,SOLVEIG ARSTEIM 2,7765,STONEVIEW,MADISON,"7667-7676 <span title=""Gross Interval"">G",1/27/1960,DRY,1/27/1960,,,,,0,0,102,2551,A0112S0192C,2895350,
2711,33-013-00397-00-00,OG,DRY,11/15/1960,Vertical,NWNW 34-161-94,660 FNL 660 FWL,48.733111,-102.871479,HUNT OIL COMPANY,S. H. COOKSLEY 2,8056,STONEVIEW,MADISON,,11/15/1960,DRY,11/15/1960,,,,,,,,2711,,,
23654,33-023-00889-00-00,OG,A,10/26/2023,Horizontal,LOT4 1-161-97,596 FNL 1311 FWL,48.805808,-103.218734,HUNT OIL COMPANY,FRAZIER 1-1-12H,18320,FRAZIER,BAKKEN,9170-18227,2/16/2013,AL,4/7/2013,,247987,437671,267252,88,76,372,23654,,,123654
23864,33-023-00913-00-00,OG,A,3/23/2013,Horizontal,LOT3 2-161-97,360 FNL 2080 FWL,48.806482,-103.237437,HUNT OIL COMPANY,HAWKEYE 1-35-26HTF,19141,BLUFFTON,BAKKEN,8974-19141,3/23/2013,AL,3/28/2013,,101534,169186,255192,50,100,328,23864,,,123864
23865,33-023-00914-00-00,OG,A,2/22/2013,Horizontal,LOT3 2-161-97,360 FNL 1980 FWL,48.806483,-103.237852,HUNT OIL COMPANY,FRAZIER 1-2-11H,18352,FRAZIER,BAKKEN,8950-18352,2/22/2013,AL,3/2/2013,,197415,338262,286240,173,692,988,23865,,,123865
23863,33-023-00912-00-00,OG,A,6/8/2013,Horizontal,LOT3 3-161-97,280 FNL 1880 FWL,48.806642,-103.260356,HUNT OIL COMPANY,FRAZIER 1-3-10H,18268,FRAZIER,BAKKEN,9051-18164,6/8/2013,AL,6/25/2013,,198789,378222,247805,487,494,697,23863,,,123863
24816,33-023-00995-00-00,OG,A,4/29/2023,Horizontal,LOT3 3-161-97,280 FNL 1980 FWL,48.806642,-103.259941,HUNT OIL COMPANY,HAWKEYE 1-34-27HTF,18735,BLUFFTON,BAKKEN,8953-18457,6/7/2013,AL,7/4/2013,,111241,205812,323967,74,65,555,24816,,,124816
24673,33-023-00979-00-00,OG,A,6/24/2013,Horizontal,SESW 20-161-97,300 FSL 1712 FWL,48.750277,-103.305008,HUNT OIL COMPANY,FRAZIER 1-20-17H,18691,FRAZIER,BAKKEN,9289-18585,6/24/2013,AL,6/29/2013,,160646,407610,437683,175,143,210,24673,,,124673
24340,33-023-00950-00-00,OG,A,3/21/2013,Horizontal,SWSE 24-161-97,258 FSL 2340 FEL,48.750333,-103.212119,HUNT OIL COMPANY,FRAZIER 1-24-13HTF,19074,FRAZIER,BAKKEN,9399-19074,3/21/2013,AL,4/13/2013,,224539,419031,264161,658,716,571,24340,,,124340
26260,33-023-01099-00-00,OG,A,12/15/2019,Horizontal,SWSE 19-161-99,305 FSL 1320 FEL,48.750589,-103.580029,HUNT OIL COMPANY,BURG 161-99-19-18H-1,18834,MUSTA,BAKKEN,9541-18730,1/14/2014,AL,1/14/2014,,242604,209226,828062,196,78,1658,26260,,,126260
27921,33-023-01182-00-00,OG,A,10/3/2023,Horizontal,NENW 17-161-100,208 FNL 1750 FWL,48.778148,-103.698924,HUNT OIL COMPANY,ALEXANDRIA 161-100-17-20H-1,18694,ALEXANDRIA,BAKKEN,9248-18602,7/20/2014,AL,8/12/2014,,255754,254407,353065,753,569,1159,27921,,,127921
27922,33-023-01183-00-00,OG,A,7/20/2014,Horizontal,NENW 17-161-100,208 FNL 1645 FWL,48.778149,-103.699360,HUNT OIL COMPANY,ALEXANDRIA 161-100-8-5H-1,19259,ALEXANDRIA,BAKKEN,9331-19156,7/20/2014,AL,7/20/2014,,225247,208273,368571,,,,27922,,,127922
41128,33-023-01573-00-00,OG,LOC,9/12/2024,Horizontal,SESW 17-161-100,325 FSL 1595 FWL,48.765169,-103.699656,HUNT OIL COMPANY,ALEXANDRIA 161-100-17-5H-2,,ALEXANDRIA,,,,,,,,,,,,,41128,,,
41136,33-023-01574-00-00,OG,LOC,9/13/2024,Horizontal,SESW 17-161-100,325 FSL 1625 FWL,48.765169,-103.699531,HUNT OIL COMPANY,ALEXANDRIA 161-100-17-5H-3,,ALEXANDRIA,,,,,,,,,,,,,41136,,,
25666,33-023-01047-00-00,OG,A,10/28/2013,Horizontal,NENW 18-161-100,585 FNL 2150 FWL,48.777096,-103.718871,HUNT OIL COMPANY,ALEXANDRIA 161-100-18-19H-1,17839,ALEXANDRIA,BAKKEN,9264-17735,10/28/2013,AL,11/13/2013,,184566,168630,337086,305,40,807,25666,,,125666
25667,33-023-01048-00-00,OG,A,10/28/2013,Horizontal,NENW 18-161-100,480 FNL 2150 FWL,48.777384,-103.718869,HUNT OIL COMPANY,ALEXANDRIA 161-100-7-6H-1,19183,ALEXANDRIA,BAKKEN,9375-19079,10/28/2013,AL,11/21/2013,,210023,189018,406893,212,85,1034,25667,,,125667
28507,33-023-01222-00-00,OG,A,10/15/2014,Horizontal,SWSE 21-161-100,208 FSL 1570 FEL,48.750291,-103.668858,HUNT OIL COMPANY,ALEXANDRIA  161-100-21-16H-1,18886,ALEXANDRIA,BAKKEN,9423-18783,10/15/2014,AL,10/25/2014,,255017,214182,364780,871,419,1489,28507,,,128507
28501,33-023-01220-00-00,OG,A,12/30/2023,Horizontal,SESW 22-161-100,372 FSL 1929 FWL,48.750766,-103.654346,HUNT OIL COMPANY,ALEXANDRIA  161-100-22-15H-1,19453,ALEXANDRIA,BAKKEN,9466-18486,9/5/2014,AL,9/13/2014,,189182,115678,312462,370,151,1181,28501,,,228501
28502,33-023-01221-00-00,OG,A,9/4/2014,Horizontal,SESW 22-161-100,372 FSL 1824 FWL,48.750766,-103.654782,HUNT OIL COMPANY,ALEXANDRIA 161-100-27-34H-1,19453,ALEXANDRIA,BAKKEN,9525-19452,9/4/2014,AL,9/16/2014,,194961,166455,325263,291,102,1174,28502,,,228501
36003,33-023-01438-00-00,OG,A,3/5/2024,Horizontal,SESE 22-161-100,465 FSL 550 FEL,48.751039,-103.642872,HUNT OIL COMPANY,ALEXANDRIA 161-100-22-15H 2,18524,ALEXANDRIA,BAKKEN,8077-18557,8/2/2019,AL,8/30/2019,,282488,263578,938477,289,49,1908,36003,,,228501
39326,33-023-01472-00-00,OG,A,12/1/2023,Horizontal,SESE 22-161-100,299 FSL 579 FEL,48.750584,-103.643000,HUNT OIL COMPANY,ALEXANDRIA 161-100-22-15H 3,19688,ALEXANDRIA,BAKKEN,,12/1/2023,F,12/1/2023,,108159,61707,438141,,,,39326,,,228501
39327,33-023-01473-00-00,OG,A,12/4/2023,Horizontal,SESE 22-161-100,299 FSL 549 FEL,48.750584,-103.642875,HUNT OIL COMPANY,ALEXANDRIA 161-100-22-15H 4,19587,ALEXANDRIA,BAKKEN,,12/4/2023,AL,12/4/2023,,84065,61906,408073,,,,39327,,,228501
40860,33-023-01555-00-00,ON CONFIDENTIAL STATUS,,,,NENE 23-161-100,375 FNL 850 FEL,48.763113,-103.622004,HUNT OIL COMPANY,ALEXANDRIA 161-100-23-35H- 2,,ALEXANDRIA,,,,,,,,,,,,,40860,,,
40861,33-023-01556-00-00,ON CONFIDENTIAL STATUS,,,,NENE 23-161-100,375 FNL 820 FEL,48.763114,-103.621879,HUNT OIL COMPANY,ALEXANDRIA 161-100-23-35H- 3,,ALEXANDRIA,,,,,,,,,,,,,40861,,,
26256,33-023-01097-00-00,OG,A,2/1/2023,Horizontal,SESW 24-161-100,225 FSL 1980 FWL,48.750365,-103.610296,HUNT OIL COMPANY,ALEXANDRIA  161-100-24-13H-1,18664,ALEXANDRIA,BAKKEN,9258-18564,10/28/2013,AL,11/20/2013,,321714,326805,1099690,48,1,200,26256,,,226256
38998,33-023-01464-00-00,OG,A,2/14/2023,Horizontal,SWSE 24-161-100,460 FSL 2180 FEL,48.751006,-103.605553,HUNT OIL COMPANY,ALEXANDRIA 161-100-24-13H- 3,19079,ALEXANDRIA,BAKKEN,,11/1/2022,F,11/1/2022,,120378,134906,575757,,,,38998,,,226256
38999,33-023-01465-00-00,OG,A,2/14/2023,Horizontal,SWSE 24-161-100,460 FSL 2150 FEL,48.751006,-103.605428,HUNT OIL COMPANY,ALEXANDRIA 161-100-24-13H- 4,19083,ALEXANDRIA,BAKKEN,,11/1/2022,F,11/1/2022,,172907,180984,567939,,,,38999,,,226256
39000,33-023-01466-00-00,OG,A,11/1/2022,Horizontal,SWSE 24-161-100,460 FSL 2120 FEL,48.751005,-103.605304,HUNT OIL COMPANY,ALEXANDRIA 161-100-24-13H- 5,19265,ALEXANDRIA,BAKKEN,,11/1/2022,F,11/1/2022,,163324,166550,630358,,,,39000,,,226256
39177,33-023-01470-00-00,SWD,A,1/13/2023,Vertical,SWSE 24-161-100,400 FSL 1945 FEL,48.750840,-103.604575,HUNT OIL COMPANY,ALEXANDRIA 161-100-24 SWD 1,5101,ALEXANDRIA,,,,,,,,,,,,,39177,,,
25096,33-023-01016-00-00,OG,IA,10/17/2024,Horizontal,NENW 26-161-100,234 FNL 1980 FWL,48.749063,-103.632394,HUNT OIL COMPANY,ALEXANDRIA 1-26-35H,18697,ALEXANDRIA,BAKKEN,9730-18530,7/19/2013,AL,7/29/2013,,218482,250878,392676,250,30,496,25096,,,125096
26259,33-023-01098-00-00,OG,A,12/11/2013,Horizontal,NENW 26-161-100,279 FNL 1875 FWL,48.748943,-103.632828,HUNT OIL COMPANY,ALEXANDRIA 161-100-23-14H-1,19215,ALEXANDRIA,BAKKEN,9258-19112,12/11/2013,AL,12/15/2013,,301678,295190,533358,63,15,1021,26259,,,126259
90328,33-023-90328-00-00,SWD,A,6/19/2015,Vertical,NWNE 26-161-100,318 FNL 1824 FEL,48.748783,-103.626071,HUNT OIL COMPANY,ALEXANDRIA 161-100-26 SWD 1,5177,ALEXANDRIA,DAKOTA,4388-4980,6/18/2015,SWD,6/19/2015,,,,,,,,90328,W0435S0917,10049663,
27725,33-023-01169-00-00,OG,A,3/15/2020,Horizontal,SWSE 32-161-100,208 FSL 1980 FEL,48.721096,-103.692290,HUNT OIL COMPANY,ALEXANDRIA  161-100-32-29H-1,18855,ALEXANDRIA,BAKKEN,9485-18719,6/9/2014,AL,6/17/2014,,163314,158533,256661,198,160,820,27725,,,127725
30352,33-023-01308-00-00,OG,A,5/10/2015,Horizontal,NENW 25-161-101,260 FNL 1824 FWL,48.749033,-103.742580,HUNT OIL COMPANY,WRITING ROCK 161-101-25-36H-1,18726,WRITING ROCK,BAKKEN,9264-18626,5/10/2015,AL,5/29/2015,,174034,191055,330365,824,320,1418,30352,,,130352
30350,33-023-01306-00-00,OG,A,5/12/2015,Horizontal,NWNE 26-161-101,238 FNL 1725 FEL,48.749121,-103.757297,HUNT OIL COMPANY,WRITING ROCK 161-101-23-14H-1,19160,WRITING ROCK,BAKKEN,9220-19155,5/12/2015,AL,5/29/2015,,175233,204209,380475,438,232,1223,30350,,,130350
30351,33-023-01307-00-00,OG,A,5/14/2015,Horizontal,NWNE 26-161-101,238 FNL 1675 FEL,48.749120,-103.757089,HUNT OIL COMPANY,WRITING ROCK 161-101-26-35H-1,18648,WRITING ROCK,BAKKEN,9200-18656,5/14/2015,AL,5/25/2015,,177634,182331,386392,389,274,875,30351,,,130351
1584,33-009-00201-00-00,OG,DRY,10/23/1957,Vertical,SENW 9-162-77,1980 FNL 1980 FWL,48.873611,-100.656879,HUNT OIL COMPANY,RAYMOND DUNBAR 1,3321,WILDCAT,LODGEPOLE,,10/23/1957,DRY,10/23/1957,,,,,,,,1584,,,
1529,33-009-00193-00-00,OG,DRY,9/19/1957,Vertical,SWNW 1-162-78,1980 FNL 660 FWL,48.888333,-100.728159,HUNT OIL COMPANY,ERNEST D. CONDIT 1,3402,WILDCAT,LODGEPOLE,,9/19/1957,DRY,9/19/1957,,,,,,,,1529,,,
1642,33-009-00218-00-00,OG,DRY,11/26/1957,Vertical,NWSE 3-162-78,1980 FSL 1980 FEL,48.884516,-100.761163,HUNT OIL COMPANY,MARSHALL TALLON 1,3418,WILDCAT,LODGEPOLE,,11/26/1957,DRY,11/26/1957,,,,,,,,1642,,,
1586,33-009-00203-00-00,OG,DRY,10/15/1957,Vertical,SWNE 4-162-78,1980 FNL 1980 FEL,48.888249,-100.783393,HUNT OIL COMPANY,MAE HOLSTEN 1,3570,WILDCAT,LODGEPOLE,,10/15/1957,DRY,10/15/1957,,,,,,,,1586,,,
1874,33-009-00276-00-00,OG,DRY,6/6/1958,Vertical,NWSE 29-162-79,1980 FSL 1980 FEL,48.826510,-100.936694,HUNT OIL COMPANY,C. H. MOUM 1,3489,WILDCAT,CHARLES,,6/6/1958,DRY,6/6/1958,,,,,,,,1874,,,
1627,33-009-00215-00-00,OG,DRY,11/13/1957,Vertical,NESE 4-163-77,1980 FSL 660 FEL,48.971389,-100.645881,HUNT OIL COMPANY,KAROLINE NESTEBOE 1,3226,NORTH SOURIS,LODGEPOLE,,11/13/1957,DRY,11/13/1957,,,,,,,,1627,,,
1528,33-009-00192-00-00,OG,DRY,9/10/1957,Vertical,NWNE 7-163-77,660 FNL 1980 FEL,48.964364,-100.695286,HUNT OIL COMPANY,BENNIE M. SKARPHOL 1,3315,NORTH SOURIS,LODGEPOLE,,9/10/1957,DRY,9/10/1957,,,,,,,,1528,,,
64,33-009-00003-00-00,OG,DRY,6/18/1952,Vertical,SWNW 18-163-77,1980 FNL 660 FWL,48.946330,-100.705913,HUNT OIL COMPANY,OLIVER OLSON 1,6420,WILDCAT,PRECAMBRIAN,,6/18/1952,DRY,6/18/1952,,,,,,,,64,,,
1669,33-009-00224-00-00,OG,DRY,12/12/1957,Vertical,SWSW 11-163-78,660 FSL 660 FWL,48.953547,-100.750184,HUNT OIL COMPANY,RUDOLPH BRENDEN 1,3415,NORTHEAST LANDA,LODGEPOLE,,12/12/1957,DRY,12/12/1957,,,,,,,,1669,,,
1702,33-009-00236-00-00,OG,DRY,1/7/1958,Vertical,NWSE 26-163-78,1980 FSL 1980 FEL,48.913649,-100.738966,HUNT OIL COMPANY,NELS NELSON 1,3458,WILDCAT,LODGEPOLE,,1/7/1958,DRY,1/7/1958,,,,,,,,1702,,,
1621,33-009-00213-00-00,OG,DRY,11/3/1957,Vertical,SESW 32-163-78,660 FSL 1980 FWL,48.895398,-100.811084,HUNT OIL COMPANY,NORMAN NORDMARK 1,3352,WILDCAT,LODGEPOLE,,11/3/1957,DRY,11/3/1957,,,,,,,,1621,,,
2388,33-013-00302-00-00,OG,DRY,8/19/1959,Vertical,NESE 22-163-92,1980 FSL 660 FEL,48.928677,-102.592521,HUNT OIL COMPANY,GEORGE SCHROEDER 1,6215,RIVAL,MADISON,,8/19/1959,DRY,8/19/1959,,,,,,,,2388,,,
708,33-009-00041-00-00,OG,DRY,9/29/1954,Vertical,NWNW 31-164-78,660 FNL 575 FWL,48.993620,-100.838239,HUNT OIL COMPANY,IVER GRAVSETH 1,3454,NORTHEAST LANDA,MADISON,,9/29/1954,DRY,9/29/1954,,,,,,,,708,,,
